symbol,period,item_code,item_name_tr,item_name_en,value
AEFES,2024/12,1A,Dönen Varlıklar,CURRENT ASSETS,4304629373.0
AEFES,2024/12,1AA,Nakit ve Nakit Benzerleri,Cash and Cash Equivalents,1924638734.0
AEFES,2024/12,1AB,Finansal Yatırımlar,Short-Term Financial Investments,8039868.0
AEFES,2024/12,1AC,Ticari Alacaklar,Short-Term Trade Receivables,773120074.0
AEFES,2024/12,1AD,Finans Sektörü Faaliyetlerinden Alacaklar,Short-Term Receivables from Financial Operations,0.0
AEFES,2024/12,1AE,Diğer Alacaklar,Short-Term Other Receivables,45042089.0
AEFES,2024/12,1AEA,Müşteri Sözleşmelerinden Doğan Varlıklar,nan,0.0
AEFES,2024/12,1AF,Stoklar,Inventories,1072060994.0
AEFES,2024/12,1AG,Canlı Varlıklar,Short-Term Live Assets,0.0
AEFES,2024/12,1AH,Diğer Dönen Varlıklar,Other Current Assets,481727614.0
AEFES,2024/12,1AI,(Ara Toplam),(Subtotal),4304629373.0
AEFES,2024/12,1AJ,Satış Amacıyla Elde Tutulan Duran Varlıklar,Assets to be Sold,0.0
AEFES,2024/12,1AK,Duran Varlıklar,LONG TERM ASSETS,8195140171.0
AEFES,2024/12,1B,Ticari Alacaklar,Trade Receivables,10647.0
AEFES,2024/12,1BA,Finans Sektörü Faaliyetlerinden Alacaklar,Long-Term Receivables from Financial Operations,0.0
AEFES,2024/12,1BB,Diğer Alacaklar,Other Receivables,12592997.0
AEFES,2024/12,1BBA,Müşteri Sözleşmelerinden Doğan Varlıklar,nan,0.0
AEFES,2024/12,1BC,Finansal Yatırımlar,Financial Investments,653306.0
AEFES,2024/12,1BD,Özkaynak Yöntemiyle Değerlenen Yatırımlar,Investments with Equity Method,699690.0
AEFES,2024/12,1BE,Canlı Varlıklar,Long-Term Live Assets,0.0
AEFES,2024/12,1BF,Yatırım Amaçlı Gayrimenkuller,Real Estate Investments,0.0
AEFES,2024/12,1BFA,Stoklar,Stoklar,0.0
AEFES,2024/12,1BFAA,Kullanım Hakkı Varlıkları,nan,109982185.0
AEFES,2024/12,1BG,Maddi Duran Varlıklar,Tangible Fixed Assets,2883203018.0
AEFES,2024/12,1BGA,Şerefiye,Goodwill,490506421.0
AEFES,2024/12,1BH,Maddi Olmayan Duran Varlıklar,Intangible Fixed Assets,4194877863.0
AEFES,2024/12,1BJ,Ertelenmiş Vergi Varlığı,Long Term Deffered Tax Assets,336021252.0
AEFES,2024/12,1BK,Diğer Duran Varlıklar,Other Long-Term Assets,166592792.0
AEFES,2024/12,1BL,TOPLAM VARLIKLAR,TOTAL ASSETS,12499769544.0
AEFES,2024/12,1BM,KAYNAKLAR,LIABILITIES,0.0
AEFES,2024/12,2A,Kısa Vadeli Yükümlülükler,SHORT TERM LIABILITIES,3808854375.0
AEFES,2024/12,2AA,Finansal Borçlar,Short-Term Financial Loans,1137286097.0
AEFES,2024/12,2AAG,Diğer Finansal Yükümlülükler,Other Short-Term Financial Liabilities,7272998.0
AEFES,2024/12,2AAGAA,Ticari Borçlar,Short-Term Trade Payables,1757319884.0
AEFES,2024/12,2AAGAB,Diğer Borçlar,Other Short-Term Loans,708808975.0
AEFES,2024/12,2AAGAC,Müşteri Söz. Doğan Yük.,nan,0.0
AEFES,2024/12,2AAGB,Finans Sektörü Faaliyetlerinden Borçlar,Short-Term Loans from Financial Operations,0.0
AEFES,2024/12,2AAGC,Devlet Teşvik ve Yardımları,Short-Term Government Promotions and Aids,0.0
AEFES,2024/12,2AAGCA,Ertelenmiş Gelirler (Müşteri Söz. Doğan Yük. Dış.Kal.),nan,26293340.0
AEFES,2024/12,2AAGD,Dönem Karı Vergi Yükümlülüğü,Taxation Liabilities on Income (-),27161494.0
AEFES,2024/12,2AAGE,Borç Karşılıkları,Short-Term Provisions,97776615.0
AEFES,2024/12,2AAGF,Diğer Kısa Vadeli Yükümlülükler,Other Short-Term Liabilities,46934971.0
AEFES,2024/12,2AAGG,(Ara Toplam),(Subtotal),3808854375.0
AEFES,2024/12,2AAGH,Satış Amaçlı Elde Tutulan Duran Varlıklara İlişkin Yükümlülükler,Liabilities on Assets to be Sold,0.0
AEFES,2024/12,2B,Uzun Vadeli Yükümlülükler,LONG TERM LIABILITIES,2666145291.0
AEFES,2024/12,2BA,Finansal Borçlar,Long-Term Financial Loans,1655046069.0
AEFES,2024/12,2BB,Diğer Finansal Yükümlülükler,Other Short-Term Financial Liabilities,0.0
AEFES,2024/12,2BBA,Ticari Borçlar,Long-Term Trade Payables,58130.0
AEFES,2024/12,2BBB,Diğer Borçlar,Other Long-Term Loans,560256.0
AEFES,2024/12,2BBBA,Müşteri Söz.Doğan Yük.,nan,0.0
AEFES,2024/12,2BC,Finans Sektörü Faaliyetlerinden Borçlar,Long-Term Loans from Financial Operations,0.0
AEFES,2024/12,2BD,Devlet Teşvik ve Yardımları,Long-Term Government Promotions and Aids,0.0
AEFES,2024/12,2BDA,Ertelenmiş Gelirler (Müşteri Söz.Doğan Yük. Dış.Kal.),nan,14160.0
AEFES,2024/12,2BE,Uzun vadeli karşılıklar,Long-Term Provisions,45146922.0
AEFES,2024/12,2BF,Çalışanlara Sağlanan Faydalara İliş.Karş.,Provisions for Retirment Pay,0.0
AEFES,2024/12,2BG,Ertelenmiş Vergi Yükümlülüğü,Deferred Tax Liabilities,962380886.0
AEFES,2024/12,2BH,Diğer Uzun Vadeli Yükümlülükler,Other Long-Term Liabilities,2938868.0
AEFES,2024/12,2N,Özkaynaklar,SHAREHOLDERS EQUITY,6024769877.0
AEFES,2024/12,2O,Ana Ortaklığa Ait Özkaynaklar,Parent Shareholders Capital,2982487394.0
AEFES,2024/12,2OA,Ödenmiş Sermaye,Share Capital,16752726.0
AEFES,2024/12,2OC,Karşılıklı İştirak Sermayesi Düzeltmesi (-),Adjustments to Share Capital,0.0
AEFES,2024/12,2OCA,Hisse Senedi İhraç Primleri,Premium in Excess of Par,73816035.0
AEFES,2024/12,2OCB,Değer Artış Fonları,Market Value Surpluses,0.0
AEFES,2024/12,2OCC,Yabancı Para Çevrim Farkları,FX Translation Differences,659469841.0
AEFES,2024/12,2OCD,Kardan Ayrılan Kısıtlanmış Yedekler,Income Reserves,191599571.0
AEFES,2024/12,2OCE,Geçmiş Yıllar Kar/Zararları,Retained Earnings /(Acc. Losses),2989312954.0
AEFES,2024/12,2OCF,Dönem Net Kar/Zararı,Current Year Income /(Losses),465504966.0
AEFES,2024/12,2OD,Diğer Özsermaye Kalemleri,Other Sholders Equity Items,-1418228848.0
AEFES,2024/12,2ODA,Azınlık Payları,Minority Interests,3042282484.0
AEFES,2024/12,2ODB,TOPLAM KAYNAKLAR,TOTAL LIABILITIES AND S.HOLDERS EQUITY,12499769544.0
AEFES,2024/12,3B,Sürdürülen Faaliyetler,Continuing Operations,0.0
AEFES,2024/12,3C,Satış Gelirleri,Net Sales,8827458752.0
AEFES,2024/12,3CA,Satışların Maliyeti (-),Cost Of Sales,-5355001896.0
AEFES,2024/12,3CAA,Ticari Faaliyetlerden Diğer Kar (Zarar),Other Profit (Loss) from Trade Operations,0.0
AEFES,2024/12,3CAB,Ticari Faaliyetlerden Brüt Kar (Zarar),Gross Profit (Loss) from Trade Operations,3472456856.0
AEFES,2024/12,3CAC,"Faiz, Ücret, Prim, Komisyon ve Diğer Gelirler","Proceeds from Interest, Fee, Premium, Commission and Other",0.0
AEFES,2024/12,3CAD,"Faiz, Ücret, Prim, Komisyon ve Diğer Giderler (-)","Expenses from Interest, Fee, Premium, Commission and Other",0.0
AEFES,2024/12,3CAE,Finans Sektörü Faaliyetlerinden Diğer Kar (Zarar),Other Profit (Loss) from Financial Operations,0.0
AEFES,2024/12,3CAF,Finans Sektörü Faaliyetlerinden Brüt Kar (Zarar),Gross Profit (Loss) from Financial Operations,0.0
AEFES,2024/12,3CB,Diğer Gelir ve Giderler,Other Income (Expenses),0.0
AEFES,2024/12,3D,BRÜT KAR (ZARAR),GROSS PROFIT (LOSS),3472456856.0
AEFES,2024/12,3DA,"Pazarlama, Satış ve Dağıtım Giderleri (-)",Marketing Selling & Distrib. Expenses (-),-1728361802.0
AEFES,2024/12,3DB,Genel Yönetim Giderleri (-),General Administrative Expenses (-),-723934494.0
AEFES,2024/12,3DC,Araştırma ve Geliştirme Giderleri (-),Research & Development Expenses (-),0.0
AEFES,2024/12,3DD,Diğer Faaliyet Gelirleri,Income from Other Operations,255359788.0
AEFES,2024/12,3DE,Diğer Faaliyet Giderleri (-),Expenses from Other Operations (-),-281558880.0
AEFES,2024/12,3DEA,Faaliyet Karı Öncesi Diğer Gelir ve Giderler,Other Income (Expenses) Before Operating Profits,0.0
AEFES,2024/12,3DF,FAALİYET KARI (ZARARI),OPERATING PROFITS,993961468.0
AEFES,2024/12,3H,Net Faaliyet Kar/Zararı,Net Operating Profits,1020160560.0
AEFES,2024/12,3HA,Yatırım Faaliyetlerinden Gelirler,nan,8938587.0
AEFES,2024/12,3HAA,Yatırım Faaliyetlerinden Giderler (-),nan,-10729685.0
AEFES,2024/12,3HAB,Diğer Gelir ve Giderler,nan,0.0
AEFES,2024/12,3HAC,Özkaynak Yöntemiyle Değerlenen Yatırımların Kar/Zararlarındaki Paylar,Profit (Loss) from Subsidiaries,-159109.0
AEFES,2024/12,3HACA,Finansman Gideri Öncesi Faaliyet Karı/Zararı,nan,992011261.0
AEFES,2024/12,3HB,(Esas Faaliyet Dışı) Finansal Gelirler,Financial Income (from Other Operations),544431192.0
AEFES,2024/12,3HC,(Esas Faaliyet Dışı) Finansal Giderler (-),Financial Expenses (from Other Operations) (-),-353760903.0
AEFES,2024/12,3HCA,Vergi Öncesi Diğer Gelir ve Giderler,Other Income (Expenses) Before Tax,-1791098.0
AEFES,2024/12,3I,SÜRDÜRÜLEN FAALİYETLER VERGİ ÖNCESİ KARI (ZARARI),PROFIT BEFORE TAX FROM CONTINUING OPERATIONS,1182681550.0
AEFES,2024/12,3IA,Sürdürülen Faaliyetler Vergi Geliri (Gideri),Taxation on Continuing Operations,-291947722.0
AEFES,2024/12,3IB,Dönem Vergi Geliri (Gideri),Taxation on Income (Expenses),-252805999.0
AEFES,2024/12,3IC,Ertelenmiş Vergi Geliri (Gideri),Income (Expenses) of Deferred Tax,-39141723.0
AEFES,2024/12,3ID,Diğer Vergi Geliri (Gideri),Other Taxation Income (Expenses),0.0
AEFES,2024/12,3J,SÜRDÜRÜLEN FAALİYETLER DÖNEM KARI/ZARARI,PROFIT FROM CONTINUING OPERATIONS,890733828.0
AEFES,2024/12,3KA,Durdurulan Faaliyetler Vergi Sonrası Dönem Karı (Zararı),Profit After Taxes from Discontinued Operations,0.0
AEFES,2024/12,3L,DÖNEM KARI (ZARARI),NET PROFIT AFTER TAXES,890733828.0
AEFES,2024/12,3LB,Azınlık Payları,Minority Interests,390243909.0
AEFES,2024/12,3Z,Ana Ortaklık Payları,Parent Shares,500489919.0
AEFES,2024/12,3ZD,Hisse Başına Kazanç,Earnings per Share,1.0
AEFES,2024/12,3ZE,Seyreltilmiş Hisse Başına Kazanç,Diluted Earnings per Share,1.0
AEFES,2024/12,3ZF,Sürdürülen Faaliyetlerden Hisse Başına Kazanç,Earnings per Share from Continuing Operations,1.0
AEFES,2024/12,3ZG,Sürdürülen Faaliyetlerden Seyreltilmiş Hisse Başına Kazanç,Earnings per Share from Discontinued Operations,1.0
AEFES,2024/12,4B,Amortisman Giderleri,Depreciation & Amortization,437046313.0
AEFES,2024/12,4BA,Kıdem Tazminatı,Severance Payments,35516602.0
AEFES,2024/12,4BB,Finansman Giderleri,Financial Expenses,-353760903.0
AEFES,2024/12,4BC,Yurtiçi Satışlar,Domestic Sales,3336325888.0
AEFES,2024/12,4BD,Yurtdışı Satışlar,Export Sales,5491132864.0
AEFES,2024/12,4BE,Net Yabancı Para Pozisyonu,Net Fx Position,-1288445809.0
AEFES,2024/12,4BEA,Parasal net yabancı para varlık/(yükümlülük) pozisyonu,Parasal net yabancı para varlık/(yükümlülük) pozisyonu,-1320418905.0
AEFES,2024/12,4BEB,Net YPP (Hedge Dahil),Net YPP (Hedge Dahil),165384755.0
AEFES,2024/12,4C,İşletme Faaliyetlerinden Kaynaklanan Net Nakit,Net Cash from Operations,1236748581.0
AEFES,2024/12,4CA,Düzeltme Öncesi Kar,Earnings Before Adjustments,890733828.0
AEFES,2024/12,4CAA,Düzeltmeler:,Adjustments:,564543938.0
AEFES,2024/12,4CAB,Amortisman & İtfa Payları,Depreciation & Amortisation,437046313.0
AEFES,2024/12,4CAC,Karşılıklardaki Değişim,Change in Provisions,40455228.0
AEFES,2024/12,4CAD,Diğer Gelir/ Gider,Other Income / Expense,785963979.0
AEFES,2024/12,4CAE,İşletme Sermayesinde Değişikler Öncesi Faaliyet Karı (+),Operating Profit Before Changes in Working Capital (+),1455277767.0
AEFES,2024/12,4CAF,İşletme Sermayesindeki Değişiklikler,Change in Working Capital,74642414.0
AEFES,2024/12,4CAG,Esas Faaliyet ile İlgili Oluşan Nakit (+),Cash from Core Operations (+),1529920181.0
AEFES,2024/12,4CAH,Diğer İşletme Faaliyetlerinden Nakit,Cash from Other Operations,-293171599.0
AEFES,2024/12,4CAI,Sabit Sermaye Yatırımları,Capital Expenditures (CapEx),-680106010.0
AEFES,2024/12,4CAJ,Diğer Yatırım Faaliyetlerinden Nakit,Cash from Other Investment Operations,-31867061.0
AEFES,2024/12,4CAK,Yatırım Faaliyetlerinden Kaynaklanan Nakit,Cash from Investment Operations,-711973071.0
AEFES,2024/12,4CB,Serbest Nakit Akım,Free Cash Flow,524775510.0
AEFES,2024/12,4CBA,Finansal Borçlardaki Değişim,Change in Financial Debt,299604321.0
AEFES,2024/12,4CBB,Temettü Ödemeleri,Dividends Paid,-114548126.0
AEFES,2024/12,4CBC,Sermaye Artırımı,Rights Issue,0.0
AEFES,2024/12,4CBD,Diğer Finansman Faaliyetlerinden Nakit,Cash from Other Financial Operations,-628640272.0
AEFES,2024/12,4CBE,Finansman Faaliyetlerden Kaynaklanan Nakit,Cash from Financial Operations,-443584077.0
AEFES,2024/12,4CBF,Yab. Para Çev. Fark. Etk. Önc.Nak.Ve Nak. Benz. Net Artış/Azalış,Cash Net Inc. / Dec. before For.Cur. Trans. Dif.,81191433.0
AEFES,2024/12,4CBG,Yab.ı Para Çevrim Fark. Nakit Ve Nakit Benz. Üzerindeki Etkisi,Foreign Curr. Trans.Diff.Cash and Cash Benz. Imp.,-199181801.0
AEFES,2024/12,4CBH,Diğer Nakit Girişi/Çıkışı,Other Cash Inflow/Outflow,0.0
AEFES,2024/12,4CBI,Nakit ve Benzerlerindeki Değişim,Change in Cash & Cash Equivalents,-117990367.0
AEFES,2024/12,4CBJ,Diğer Nakit ve Nakit Benzerlerindeki Artış,Other Cash & Cash Equivalents Change,0.0
AEFES,2024/12,4CBK,Dönem Başı Nakit Değerler,Cash at the beginning of the Quarter,2269331025.0
AEFES,2024/12,4CBL,Dönem Sonu Nakit,Cash at the End of the Quarter,2063941965.0
AEFES,2024/3,1A,Dönen Varlıklar,CURRENT ASSETS,3225561440.0
AEFES,2024/3,1AA,Nakit ve Nakit Benzerleri,Cash and Cash Equivalents,1197762185.0
AEFES,2024/3,1AB,Finansal Yatırımlar,Short-Term Financial Investments,20176387.0
AEFES,2024/3,1AC,Ticari Alacaklar,Short-Term Trade Receivables,805973114.0
AEFES,2024/3,1AD,Finans Sektörü Faaliyetlerinden Alacaklar,Short-Term Receivables from Financial Operations,0.0
AEFES,2024/3,1AE,Diğer Alacaklar,Short-Term Other Receivables,23144888.0
AEFES,2024/3,1AEA,Müşteri Sözleşmelerinden Doğan Varlıklar,nan,0.0
AEFES,2024/3,1AF,Stoklar,Inventories,796391620.0
AEFES,2024/3,1AG,Canlı Varlıklar,Short-Term Live Assets,0.0
AEFES,2024/3,1AH,Diğer Dönen Varlıklar,Other Current Assets,382113247.0
AEFES,2024/3,1AI,(Ara Toplam),(Subtotal),3225561440.0
AEFES,2024/3,1AJ,Satış Amacıyla Elde Tutulan Duran Varlıklar,Assets to be Sold,0.0
AEFES,2024/3,1AK,Duran Varlıklar,LONG TERM ASSETS,6182030912.0
AEFES,2024/3,1B,Ticari Alacaklar,Trade Receivables,39328.0
AEFES,2024/3,1BA,Finans Sektörü Faaliyetlerinden Alacaklar,Long-Term Receivables from Financial Operations,0.0
AEFES,2024/3,1BB,Diğer Alacaklar,Other Receivables,6028426.0
AEFES,2024/3,1BBA,Müşteri Sözleşmelerinden Doğan Varlıklar,nan,0.0
AEFES,2024/3,1BC,Finansal Yatırımlar,Financial Investments,387094.0
AEFES,2024/3,1BD,Özkaynak Yöntemiyle Değerlenen Yatırımlar,Investments with Equity Method,490978.0
AEFES,2024/3,1BE,Canlı Varlıklar,Long-Term Live Assets,0.0
AEFES,2024/3,1BF,Yatırım Amaçlı Gayrimenkuller,Real Estate Investments,0.0
AEFES,2024/3,1BFA,Stoklar,Stoklar,0.0
AEFES,2024/3,1BFAA,Kullanım Hakkı Varlıkları,nan,79432654.0
AEFES,2024/3,1BG,Maddi Duran Varlıklar,Tangible Fixed Assets,2092405545.0
AEFES,2024/3,1BGA,Şerefiye,Goodwill,428290666.0
AEFES,2024/3,1BH,Maddi Olmayan Duran Varlıklar,Intangible Fixed Assets,3233505145.0
AEFES,2024/3,1BJ,Ertelenmiş Vergi Varlığı,Long Term Deffered Tax Assets,253629435.0
AEFES,2024/3,1BK,Diğer Duran Varlıklar,Other Long-Term Assets,87821640.0
AEFES,2024/3,1BL,TOPLAM VARLIKLAR,TOTAL ASSETS,9407592352.0
AEFES,2024/3,1BM,KAYNAKLAR,LIABILITIES,0.0
AEFES,2024/3,2A,Kısa Vadeli Yükümlülükler,SHORT TERM LIABILITIES,2951672510.0
AEFES,2024/3,2AA,Finansal Borçlar,Short-Term Financial Loans,873452460.0
AEFES,2024/3,2AAG,Diğer Finansal Yükümlülükler,Other Short-Term Financial Liabilities,25567871.0
AEFES,2024/3,2AAGAA,Ticari Borçlar,Short-Term Trade Payables,1162605214.0
AEFES,2024/3,2AAGAB,Diğer Borçlar,Other Short-Term Loans,719291483.0
AEFES,2024/3,2AAGAC,Müşteri Söz. Doğan Yük.,nan,0.0
AEFES,2024/3,2AAGB,Finans Sektörü Faaliyetlerinden Borçlar,Short-Term Loans from Financial Operations,0.0
AEFES,2024/3,2AAGC,Devlet Teşvik ve Yardımları,Short-Term Government Promotions and Aids,0.0
AEFES,2024/3,2AAGCA,Ertelenmiş Gelirler (Müşteri Söz. Doğan Yük. Dış.Kal.),nan,9597076.0
AEFES,2024/3,2AAGD,Dönem Karı Vergi Yükümlülüğü,Taxation Liabilities on Income (-),42703688.0
AEFES,2024/3,2AAGE,Borç Karşılıkları,Short-Term Provisions,63865649.0
AEFES,2024/3,2AAGF,Diğer Kısa Vadeli Yükümlülükler,Other Short-Term Liabilities,54589069.0
AEFES,2024/3,2AAGG,(Ara Toplam),(Subtotal),2951672510.0
AEFES,2024/3,2AAGH,Satış Amaçlı Elde Tutulan Duran Varlıklara İlişkin Yükümlülükler,Liabilities on Assets to be Sold,0.0
AEFES,2024/3,2B,Uzun Vadeli Yükümlülükler,LONG TERM LIABILITIES,1923014043.0
AEFES,2024/3,2BA,Finansal Borçlar,Long-Term Financial Loans,1217910962.0
AEFES,2024/3,2BB,Diğer Finansal Yükümlülükler,Other Short-Term Financial Liabilities,0.0
AEFES,2024/3,2BBA,Ticari Borçlar,Long-Term Trade Payables,64990.0
AEFES,2024/3,2BBB,Diğer Borçlar,Other Long-Term Loans,422340.0
AEFES,2024/3,2BBBA,Müşteri Söz.Doğan Yük.,nan,0.0
AEFES,2024/3,2BC,Finans Sektörü Faaliyetlerinden Borçlar,Long-Term Loans from Financial Operations,0.0
AEFES,2024/3,2BD,Devlet Teşvik ve Yardımları,Long-Term Government Promotions and Aids,0.0
AEFES,2024/3,2BDA,Ertelenmiş Gelirler (Müşteri Söz.Doğan Yük. Dış.Kal.),nan,1149532.0
AEFES,2024/3,2BE,Uzun vadeli karşılıklar,Long-Term Provisions,33455614.0
AEFES,2024/3,2BF,Çalışanlara Sağlanan Faydalara İliş.Karş.,Provisions for Retirment Pay,0.0
AEFES,2024/3,2BG,Ertelenmiş Vergi Yükümlülüğü,Deferred Tax Liabilities,667749076.0
AEFES,2024/3,2BH,Diğer Uzun Vadeli Yükümlülükler,Other Long-Term Liabilities,2261529.0
AEFES,2024/3,2N,Özkaynaklar,SHAREHOLDERS EQUITY,4532905799.0
AEFES,2024/3,2O,Ana Ortaklığa Ait Özkaynaklar,Parent Shareholders Capital,2252003518.0
AEFES,2024/3,2OA,Ödenmiş Sermaye,Share Capital,18306713.0
AEFES,2024/3,2OC,Karşılıklı İştirak Sermayesi Düzeltmesi (-),Adjustments to Share Capital,0.0
AEFES,2024/3,2OCA,Hisse Senedi İhraç Primleri,Premium in Excess of Par,0.0
AEFES,2024/3,2OCB,Değer Artış Fonları,Market Value Surpluses,0.0
AEFES,2024/3,2OCC,Yabancı Para Çevrim Farkları,FX Translation Differences,767147009.0
AEFES,2024/3,2OCD,Kardan Ayrılan Kısıtlanmış Yedekler,Income Reserves,128766649.0
AEFES,2024/3,2OCE,Geçmiş Yıllar Kar/Zararları,Retained Earnings /(Acc. Losses),2072979817.0
AEFES,2024/3,2OCF,Dönem Net Kar/Zararı,Current Year Income /(Losses),97099148.0
AEFES,2024/3,2OD,Diğer Özsermaye Kalemleri,Other Sholders Equity Items,-832295817.0
AEFES,2024/3,2ODA,Azınlık Payları,Minority Interests,2280902281.0
AEFES,2024/3,2ODB,TOPLAM KAYNAKLAR,TOTAL LIABILITIES AND S.HOLDERS EQUITY,9407592352.0
AEFES,2024/3,3B,Sürdürülen Faaliyetler,Continuing Operations,0.0
AEFES,2024/3,3C,Satış Gelirleri,Net Sales,1943137475.0
AEFES,2024/3,3CA,Satışların Maliyeti (-),Cost Of Sales,-1247261073.0
AEFES,2024/3,3CAA,Ticari Faaliyetlerden Diğer Kar (Zarar),Other Profit (Loss) from Trade Operations,0.0
AEFES,2024/3,3CAB,Ticari Faaliyetlerden Brüt Kar (Zarar),Gross Profit (Loss) from Trade Operations,695876403.0
AEFES,2024/3,3CAC,"Faiz, Ücret, Prim, Komisyon ve Diğer Gelirler","Proceeds from Interest, Fee, Premium, Commission and Other",0.0
AEFES,2024/3,3CAD,"Faiz, Ücret, Prim, Komisyon ve Diğer Giderler (-)","Expenses from Interest, Fee, Premium, Commission and Other",0.0
AEFES,2024/3,3CAE,Finans Sektörü Faaliyetlerinden Diğer Kar (Zarar),Other Profit (Loss) from Financial Operations,0.0
AEFES,2024/3,3CAF,Finans Sektörü Faaliyetlerinden Brüt Kar (Zarar),Gross Profit (Loss) from Financial Operations,0.0
AEFES,2024/3,3CB,Diğer Gelir ve Giderler,Other Income (Expenses),0.0
AEFES,2024/3,3D,BRÜT KAR (ZARAR),GROSS PROFIT (LOSS),695876403.0
AEFES,2024/3,3DA,"Pazarlama, Satış ve Dağıtım Giderleri (-)",Marketing Selling & Distrib. Expenses (-),-399360450.0
AEFES,2024/3,3DB,Genel Yönetim Giderleri (-),General Administrative Expenses (-),-166007137.0
AEFES,2024/3,3DC,Araştırma ve Geliştirme Giderleri (-),Research & Development Expenses (-),0.0
AEFES,2024/3,3DD,Diğer Faaliyet Gelirleri,Income from Other Operations,54312051.0
AEFES,2024/3,3DE,Diğer Faaliyet Giderleri (-),Expenses from Other Operations (-),-63751005.0
AEFES,2024/3,3DEA,Faaliyet Karı Öncesi Diğer Gelir ve Giderler,Other Income (Expenses) Before Operating Profits,0.0
AEFES,2024/3,3DF,FAALİYET KARI (ZARARI),OPERATING PROFITS,121069862.0
AEFES,2024/3,3H,Net Faaliyet Kar/Zararı,Net Operating Profits,130508816.0
AEFES,2024/3,3HA,Yatırım Faaliyetlerinden Gelirler,nan,2309497.0
AEFES,2024/3,3HAA,Yatırım Faaliyetlerinden Giderler (-),nan,-1335738.0
AEFES,2024/3,3HAB,Diğer Gelir ve Giderler,nan,0.0
AEFES,2024/3,3HAC,Özkaynak Yöntemiyle Değerlenen Yatırımların Kar/Zararlarındaki Paylar,Profit (Loss) from Subsidiaries,-494018.0
AEFES,2024/3,3HACA,Finansman Gideri Öncesi Faaliyet Karı/Zararı,nan,121549603.0
AEFES,2024/3,3HB,(Esas Faaliyet Dışı) Finansal Gelirler,Financial Income (from Other Operations),149641889.0
AEFES,2024/3,3HC,(Esas Faaliyet Dışı) Finansal Giderler (-),Financial Expenses (from Other Operations) (-),2315246.0
AEFES,2024/3,3HCA,Vergi Öncesi Diğer Gelir ve Giderler,Other Income (Expenses) Before Tax,973759.0
AEFES,2024/3,3I,SÜRDÜRÜLEN FAALİYETLER VERGİ ÖNCESİ KARI (ZARARI),PROFIT BEFORE TAX FROM CONTINUING OPERATIONS,273506738.0
AEFES,2024/3,3IA,Sürdürülen Faaliyetler Vergi Geliri (Gideri),Taxation on Continuing Operations,-44015421.0
AEFES,2024/3,3IB,Dönem Vergi Geliri (Gideri),Taxation on Income (Expenses),-86891032.0
AEFES,2024/3,3IC,Ertelenmiş Vergi Geliri (Gideri),Income (Expenses) of Deferred Tax,42875611.0
AEFES,2024/3,3ID,Diğer Vergi Geliri (Gideri),Other Taxation Income (Expenses),0.0
AEFES,2024/3,3J,SÜRDÜRÜLEN FAALİYETLER DÖNEM KARI/ZARARI,PROFIT FROM CONTINUING OPERATIONS,229491317.0
AEFES,2024/3,3K,DURDURULAN FAALİYETLER,DISCONTINUED OPERATIONS,0.0
AEFES,2024/3,3KA,Durdurulan Faaliyetler Vergi Sonrası Dönem Karı (Zararı),Profit After Taxes from Discontinued Operations,0.0
AEFES,2024/3,3L,DÖNEM KARI (ZARARI),NET PROFIT AFTER TAXES,229491317.0
AEFES,2024/3,3LA,Dönem Kar/Zararının Dağılımı,Distrubition of Profit (Loss),0.0
AEFES,2024/3,3LB,Azınlık Payları,Minority Interests,89402658.0
AEFES,2024/3,3Z,Ana Ortaklık Payları,Parent Shares,140088660.0
AEFES,2024/3,3ZD,Hisse Başına Kazanç,Earnings per Share,0.0
AEFES,2024/3,3ZE,Seyreltilmiş Hisse Başına Kazanç,Diluted Earnings per Share,0.0
AEFES,2024/3,3ZF,Sürdürülen Faaliyetlerden Hisse Başına Kazanç,Earnings per Share from Continuing Operations,0.0
AEFES,2024/3,3ZG,Sürdürülen Faaliyetlerden Seyreltilmiş Hisse Başına Kazanç,Earnings per Share from Discontinued Operations,0.0
AEFES,2024/3,4B,Amortisman Giderleri,Depreciation & Amortization,107747207.0
AEFES,2024/3,4BA,Kıdem Tazminatı,Severance Payments,14100777.0
AEFES,2024/3,4BB,Finansman Giderleri,Financial Expenses,2315246.0
AEFES,2024/3,4BC,Yurtiçi Satışlar,Domestic Sales,0.0
AEFES,2024/3,4BD,Yurtdışı Satışlar,Export Sales,0.0
AEFES,2024/3,4BE,Net Yabancı Para Pozisyonu,Net Fx Position,-645598115.0
AEFES,2024/3,4BEA,Parasal net yabancı para varlık/(yükümlülük) pozisyonu,Parasal net yabancı para varlık/(yükümlülük) pozisyonu,-663606913.0
AEFES,2024/3,4BEB,Net YPP (Hedge Dahil),Net YPP (Hedge Dahil),563210865.0
AEFES,2024/3,4C,İşletme Faaliyetlerinden Kaynaklanan Net Nakit,Net Cash from Operations,-137687271.0
AEFES,2024/3,4CA,Düzeltme Öncesi Kar,Earnings Before Adjustments,229491317.0
AEFES,2024/3,4CAA,Düzeltmeler:,Adjustments:,14526902.0
AEFES,2024/3,4CAB,Amortisman & İtfa Payları,Depreciation & Amortisation,107747207.0
AEFES,2024/3,4CAC,Karşılıklardaki Değişim,Change in Provisions,19951085.0
AEFES,2024/3,4CAD,Diğer Gelir/ Gider,Other Income / Expense,94074429.0
AEFES,2024/3,4CAE,İşletme Sermayesinde Değişikler Öncesi Faaliyet Karı (+),Operating Profit Before Changes in Working Capital (+),244018219.0
AEFES,2024/3,4CAF,İşletme Sermayesindeki Değişiklikler,Change in Working Capital,-309200696.0
AEFES,2024/3,4CAG,Esas Faaliyet ile İlgili Oluşan Nakit (+),Cash from Core Operations (+),-65182477.0
AEFES,2024/3,4CAH,Diğer İşletme Faaliyetlerinden Nakit,Cash from Other Operations,-72504794.0
AEFES,2024/3,4CAI,Sabit Sermaye Yatırımları,Capital Expenditures (CapEx),-109379679.0
AEFES,2024/3,4CAJ,Diğer Yatırım Faaliyetlerinden Nakit,Cash from Other Investment Operations,-37069359.0
AEFES,2024/3,4CAK,Yatırım Faaliyetlerinden Kaynaklanan Nakit,Cash from Investment Operations,-146449038.0
AEFES,2024/3,4CB,Serbest Nakit Akım,Free Cash Flow,-284136309.0
AEFES,2024/3,4CBA,Finansal Borçlardaki Değişim,Change in Financial Debt,97347123.0
AEFES,2024/3,4CBB,Temettü Ödemeleri,Dividends Paid,-48126.0
AEFES,2024/3,4CBC,Sermaye Artırımı,Rights Issue,0.0
AEFES,2024/3,4CBD,Diğer Finansman Faaliyetlerinden Nakit,Cash from Other Financial Operations,-160176952.0
AEFES,2024/3,4CBE,Finansman Faaliyetlerden Kaynaklanan Nakit,Cash from Financial Operations,-62877955.0
AEFES,2024/3,4CBF,Yab. Para Çev. Fark. Etk. Önc.Nak.Ve Nak. Benz. Net Artış/Azalış,Cash Net Inc. / Dec. before For.Cur. Trans. Dif.,-347014264.0
AEFES,2024/3,4CBG,Yab.ı Para Çevrim Fark. Nakit Ve Nakit Benz. Üzerindeki Etkisi,Foreign Curr. Trans.Diff.Cash and Cash Benz. Imp.,-42275651.0
AEFES,2024/3,4CBH,Diğer Nakit Girişi/Çıkışı,Other Cash Inflow/Outflow,0.0
AEFES,2024/3,4CBI,Nakit ve Benzerlerindeki Değişim,Change in Cash & Cash Equivalents,-389289915.0
AEFES,2024/3,4CBJ,Diğer Nakit ve Nakit Benzerlerindeki Artış,Other Cash & Cash Equivalents Change,0.0
AEFES,2024/3,4CBK,Dönem Başı Nakit Değerler,Cash at the beginning of the Quarter,2114340407.0
AEFES,2024/3,4CBL,Dönem Sonu Nakit,Cash at the End of the Quarter,1725050492.0
AEFES,2024/6,1A,Dönen Varlıklar,CURRENT ASSETS,3865590401.0
AEFES,2024/6,1AA,Nakit ve Nakit Benzerleri,Cash and Cash Equivalents,1506364455.0
AEFES,2024/6,1AB,Finansal Yatırımlar,Short-Term Financial Investments,90849072.0
AEFES,2024/6,1AC,Ticari Alacaklar,Short-Term Trade Receivables,1084718947.0
AEFES,2024/6,1AD,Finans Sektörü Faaliyetlerinden Alacaklar,Short-Term Receivables from Financial Operations,0.0
AEFES,2024/6,1AE,Diğer Alacaklar,Short-Term Other Receivables,25680137.0
AEFES,2024/6,1AEA,Müşteri Sözleşmelerinden Doğan Varlıklar,nan,0.0
AEFES,2024/6,1AF,Stoklar,Inventories,872472503.0
AEFES,2024/6,1AG,Canlı Varlıklar,Short-Term Live Assets,0.0
AEFES,2024/6,1AH,Diğer Dönen Varlıklar,Other Current Assets,285505287.0
AEFES,2024/6,1AI,(Ara Toplam),(Subtotal),3865590401.0
AEFES,2024/6,1AJ,Satış Amacıyla Elde Tutulan Duran Varlıklar,Assets to be Sold,0.0
AEFES,2024/6,1AK,Duran Varlıklar,LONG TERM ASSETS,6520255525.0
AEFES,2024/6,1B,Ticari Alacaklar,Trade Receivables,27368.0
AEFES,2024/6,1BA,Finans Sektörü Faaliyetlerinden Alacaklar,Long-Term Receivables from Financial Operations,0.0
AEFES,2024/6,1BB,Diğer Alacaklar,Other Receivables,6714277.0
AEFES,2024/6,1BBA,Müşteri Sözleşmelerinden Doğan Varlıklar,nan,0.0
AEFES,2024/6,1BC,Finansal Yatırımlar,Financial Investments,412707.0
AEFES,2024/6,1BD,Özkaynak Yöntemiyle Değerlenen Yatırımlar,Investments with Equity Method,512417.0
AEFES,2024/6,1BE,Canlı Varlıklar,Long-Term Live Assets,0.0
AEFES,2024/6,1BF,Yatırım Amaçlı Gayrimenkuller,Real Estate Investments,0.0
AEFES,2024/6,1BFA,Stoklar,Stoklar,0.0
AEFES,2024/6,1BFAA,Kullanım Hakkı Varlıkları,nan,80890641.0
AEFES,2024/6,1BG,Maddi Duran Varlıklar,Tangible Fixed Assets,2215009503.0
AEFES,2024/6,1BGA,Şerefiye,Goodwill,454688934.0
AEFES,2024/6,1BH,Maddi Olmayan Duran Varlıklar,Intangible Fixed Assets,3364039343.0
AEFES,2024/6,1BJ,Ertelenmiş Vergi Varlığı,Long Term Deffered Tax Assets,277206138.0
AEFES,2024/6,1BK,Diğer Duran Varlıklar,Other Long-Term Assets,120754197.0
AEFES,2024/6,1BL,TOPLAM VARLIKLAR,TOTAL ASSETS,10385845925.0
AEFES,2024/6,1BM,KAYNAKLAR,LIABILITIES,0.0
AEFES,2024/6,2A,Kısa Vadeli Yükümlülükler,SHORT TERM LIABILITIES,3463075021.0
AEFES,2024/6,2AA,Finansal Borçlar,Short-Term Financial Loans,873130244.0
AEFES,2024/6,2AAG,Diğer Finansal Yükümlülükler,Other Short-Term Financial Liabilities,15038938.0
AEFES,2024/6,2AAGAA,Ticari Borçlar,Short-Term Trade Payables,1535423700.0
AEFES,2024/6,2AAGAB,Diğer Borçlar,Other Short-Term Loans,831730530.0
AEFES,2024/6,2AAGAC,Müşteri Söz. Doğan Yük.,nan,0.0
AEFES,2024/6,2AAGB,Finans Sektörü Faaliyetlerinden Borçlar,Short-Term Loans from Financial Operations,0.0
AEFES,2024/6,2AAGC,Devlet Teşvik ve Yardımları,Short-Term Government Promotions and Aids,0.0
AEFES,2024/6,2AAGCA,Ertelenmiş Gelirler (Müşteri Söz. Doğan Yük. Dış.Kal.),nan,11548412.0
AEFES,2024/6,2AAGD,Dönem Karı Vergi Yükümlülüğü,Taxation Liabilities on Income (-),61047064.0
AEFES,2024/6,2AAGE,Borç Karşılıkları,Short-Term Provisions,66742861.0
AEFES,2024/6,2AAGF,Diğer Kısa Vadeli Yükümlülükler,Other Short-Term Liabilities,68413273.0
AEFES,2024/6,2AAGG,(Ara Toplam),(Subtotal),3463075021.0
AEFES,2024/6,2AAGH,Satış Amaçlı Elde Tutulan Duran Varlıklara İlişkin Yükümlülükler,Liabilities on Assets to be Sold,0.0
AEFES,2024/6,2B,Uzun Vadeli Yükümlülükler,LONG TERM LIABILITIES,2115915348.0
AEFES,2024/6,2BA,Finansal Borçlar,Long-Term Financial Loans,1376716071.0
AEFES,2024/6,2BB,Diğer Finansal Yükümlülükler,Other Short-Term Financial Liabilities,0.0
AEFES,2024/6,2BBA,Ticari Borçlar,Long-Term Trade Payables,58963.0
AEFES,2024/6,2BBB,Diğer Borçlar,Other Long-Term Loans,401912.0
AEFES,2024/6,2BBBA,Müşteri Söz.Doğan Yük.,nan,0.0
AEFES,2024/6,2BC,Finans Sektörü Faaliyetlerinden Borçlar,Long-Term Loans from Financial Operations,0.0
AEFES,2024/6,2BD,Devlet Teşvik ve Yardımları,Long-Term Government Promotions and Aids,0.0
AEFES,2024/6,2BDA,Ertelenmiş Gelirler (Müşteri Söz.Doğan Yük. Dış.Kal.),nan,770253.0
AEFES,2024/6,2BE,Uzun vadeli karşılıklar,Long-Term Provisions,35979359.0
AEFES,2024/6,2BF,Çalışanlara Sağlanan Faydalara İliş.Karş.,Provisions for Retirment Pay,0.0
AEFES,2024/6,2BG,Ertelenmiş Vergi Yükümlülüğü,Deferred Tax Liabilities,699387477.0
AEFES,2024/6,2BH,Diğer Uzun Vadeli Yükümlülükler,Other Long-Term Liabilities,2601314.0
AEFES,2024/6,2N,Özkaynaklar,SHAREHOLDERS EQUITY,4806855556.0
AEFES,2024/6,2O,Ana Ortaklığa Ait Özkaynaklar,Parent Shareholders Capital,2383485417.0
AEFES,2024/6,2OA,Ödenmiş Sermaye,Share Capital,18005157.0
AEFES,2024/6,2OC,Karşılıklı İştirak Sermayesi Düzeltmesi (-),Adjustments to Share Capital,0.0
AEFES,2024/6,2OCA,Hisse Senedi İhraç Primleri,Premium in Excess of Par,0.0
AEFES,2024/6,2OCB,Değer Artış Fonları,Market Value Surpluses,0.0
AEFES,2024/6,2OCC,Yabancı Para Çevrim Farkları,FX Translation Differences,741141209.0
AEFES,2024/6,2OCD,Kardan Ayrılan Kısıtlanmış Yedekler,Income Reserves,141837234.0
AEFES,2024/6,2OCE,Geçmiş Yıllar Kar/Zararları,Retained Earnings /(Acc. Losses),2159228683.0
AEFES,2024/6,2OCF,Dönem Net Kar/Zararı,Current Year Income /(Losses),223801486.0
AEFES,2024/6,2OD,Diğer Özsermaye Kalemleri,Other Sholders Equity Items,-900528352.0
AEFES,2024/6,2ODA,Azınlık Payları,Minority Interests,2423370138.0
AEFES,2024/6,2ODB,TOPLAM KAYNAKLAR,TOTAL LIABILITIES AND S.HOLDERS EQUITY,10385845925.0
AEFES,2024/6,3B,Sürdürülen Faaliyetler,Continuing Operations,0.0
AEFES,2024/6,3C,Satış Gelirleri,Net Sales,4600918766.0
AEFES,2024/6,3CA,Satışların Maliyeti (-),Cost Of Sales,-2820337712.0
AEFES,2024/6,3CAA,Ticari Faaliyetlerden Diğer Kar (Zarar),Other Profit (Loss) from Trade Operations,0.0
AEFES,2024/6,3CAB,Ticari Faaliyetlerden Brüt Kar (Zarar),Gross Profit (Loss) from Trade Operations,1780581054.0
AEFES,2024/6,3CAC,"Faiz, Ücret, Prim, Komisyon ve Diğer Gelirler","Proceeds from Interest, Fee, Premium, Commission and Other",0.0
AEFES,2024/6,3CAD,"Faiz, Ücret, Prim, Komisyon ve Diğer Giderler (-)","Expenses from Interest, Fee, Premium, Commission and Other",0.0
AEFES,2024/6,3CAE,Finans Sektörü Faaliyetlerinden Diğer Kar (Zarar),Other Profit (Loss) from Financial Operations,0.0
AEFES,2024/6,3CAF,Finans Sektörü Faaliyetlerinden Brüt Kar (Zarar),Gross Profit (Loss) from Financial Operations,0.0
AEFES,2024/6,3CB,Diğer Gelir ve Giderler,Other Income (Expenses),0.0
AEFES,2024/6,3D,BRÜT KAR (ZARAR),GROSS PROFIT (LOSS),1780581054.0
AEFES,2024/6,3DA,"Pazarlama, Satış ve Dağıtım Giderleri (-)",Marketing Selling & Distrib. Expenses (-),-880746090.0
AEFES,2024/6,3DB,Genel Yönetim Giderleri (-),General Administrative Expenses (-),-352123988.0
AEFES,2024/6,3DC,Araştırma ve Geliştirme Giderleri (-),Research & Development Expenses (-),0.0
AEFES,2024/6,3DD,Diğer Faaliyet Gelirleri,Income from Other Operations,132480150.0
AEFES,2024/6,3DE,Diğer Faaliyet Giderleri (-),Expenses from Other Operations (-),-123815815.0
AEFES,2024/6,3DEA,Faaliyet Karı Öncesi Diğer Gelir ve Giderler,Other Income (Expenses) Before Operating Profits,0.0
AEFES,2024/6,3DF,FAALİYET KARI (ZARARI),OPERATING PROFITS,556375311.0
AEFES,2024/6,3H,Net Faaliyet Kar/Zararı,Net Operating Profits,547710976.0
AEFES,2024/6,3HA,Yatırım Faaliyetlerinden Gelirler,nan,3725358.0
AEFES,2024/6,3HAA,Yatırım Faaliyetlerinden Giderler (-),nan,-2854475.0
AEFES,2024/6,3HAB,Diğer Gelir ve Giderler,nan,0.0
AEFES,2024/6,3HAC,Özkaynak Yöntemiyle Değerlenen Yatırımların Kar/Zararlarındaki Paylar,Profit (Loss) from Subsidiaries,-159478.0
AEFES,2024/6,3HACA,Finansman Gideri Öncesi Faaliyet Karı/Zararı,nan,557086716.0
AEFES,2024/6,3HB,(Esas Faaliyet Dışı) Finansal Gelirler,Financial Income (from Other Operations),216607464.0
AEFES,2024/6,3HC,(Esas Faaliyet Dışı) Finansal Giderler (-),Financial Expenses (from Other Operations) (-),-112937288.0
AEFES,2024/6,3HCA,Vergi Öncesi Diğer Gelir ve Giderler,Other Income (Expenses) Before Tax,870883.0
AEFES,2024/6,3I,SÜRDÜRÜLEN FAALİYETLER VERGİ ÖNCESİ KARI (ZARARI),PROFIT BEFORE TAX FROM CONTINUING OPERATIONS,660756891.0
AEFES,2024/6,3IA,Sürdürülen Faaliyetler Vergi Geliri (Gideri),Taxation on Continuing Operations,-130179184.0
AEFES,2024/6,3IB,Dönem Vergi Geliri (Gideri),Taxation on Income (Expenses),-194271793.0
AEFES,2024/6,3IC,Ertelenmiş Vergi Geliri (Gideri),Income (Expenses) of Deferred Tax,64092610.0
AEFES,2024/6,3ID,Diğer Vergi Geliri (Gideri),Other Taxation Income (Expenses),0.0
AEFES,2024/6,3J,SÜRDÜRÜLEN FAALİYETLER DÖNEM KARI/ZARARI,PROFIT FROM CONTINUING OPERATIONS,530577708.0
AEFES,2024/6,3K,DURDURULAN FAALİYETLER,DISCONTINUED OPERATIONS,0.0
AEFES,2024/6,3KA,Durdurulan Faaliyetler Vergi Sonrası Dönem Karı (Zararı),Profit After Taxes from Discontinued Operations,0.0
AEFES,2024/6,3L,DÖNEM KARI (ZARARI),NET PROFIT AFTER TAXES,530577708.0
AEFES,2024/6,3LA,Dönem Kar/Zararının Dağılımı,Distrubition of Profit (Loss),0.0
AEFES,2024/6,3LB,Azınlık Payları,Minority Interests,216260774.0
AEFES,2024/6,3Z,Ana Ortaklık Payları,Parent Shares,314316934.0
AEFES,2024/6,3ZD,Hisse Başına Kazanç,Earnings per Share,0.0
AEFES,2024/6,3ZE,Seyreltilmiş Hisse Başına Kazanç,Diluted Earnings per Share,0.0
AEFES,2024/6,3ZF,Sürdürülen Faaliyetlerden Hisse Başına Kazanç,Earnings per Share from Continuing Operations,0.0
AEFES,2024/6,3ZG,Sürdürülen Faaliyetlerden Seyreltilmiş Hisse Başına Kazanç,Earnings per Share from Discontinued Operations,0.0
AEFES,2024/6,4B,Amortisman Giderleri,Depreciation & Amortization,218544664.0
AEFES,2024/6,4BA,Kıdem Tazminatı,Severance Payments,23717212.0
AEFES,2024/6,4BB,Finansman Giderleri,Financial Expenses,-112937288.0
AEFES,2024/6,4BC,Yurtiçi Satışlar,Domestic Sales,0.0
AEFES,2024/6,4BD,Yurtdışı Satışlar,Export Sales,0.0
AEFES,2024/6,4BE,Net Yabancı Para Pozisyonu,Net Fx Position,-609924288.0
AEFES,2024/6,4BEA,Parasal net yabancı para varlık/(yükümlülük) pozisyonu,Parasal net yabancı para varlık/(yükümlülük) pozisyonu,-632073854.0
AEFES,2024/6,4BEB,Net YPP (Hedge Dahil),Net YPP (Hedge Dahil),583871609.0
AEFES,2024/6,4C,İşletme Faaliyetlerinden Kaynaklanan Net Nakit,Net Cash from Operations,493544895.0
AEFES,2024/6,4CA,Düzeltme Öncesi Kar,Earnings Before Adjustments,530577708.0
AEFES,2024/6,4CAA,Düzeltmeler:,Adjustments:,146936890.0
AEFES,2024/6,4CAB,Amortisman & İtfa Payları,Depreciation & Amortisation,218544664.0
AEFES,2024/6,4CAC,Karşılıklardaki Değişim,Change in Provisions,10962645.0
AEFES,2024/6,4CAD,Diğer Gelir/ Gider,Other Income / Expense,351530602.0
AEFES,2024/6,4CAE,İşletme Sermayesinde Değişikler Öncesi Faaliyet Karı (+),Operating Profit Before Changes in Working Capital (+),677514597.0
AEFES,2024/6,4CAF,İşletme Sermayesindeki Değişiklikler,Change in Working Capital,-46744775.0
AEFES,2024/6,4CAG,Esas Faaliyet ile İlgili Oluşan Nakit (+),Cash from Core Operations (+),630769822.0
AEFES,2024/6,4CAH,Diğer İşletme Faaliyetlerinden Nakit,Cash from Other Operations,-137224927.0
AEFES,2024/6,4CAI,Sabit Sermaye Yatırımları,Capital Expenditures (CapEx),-300233100.0
AEFES,2024/6,4CAJ,Diğer Yatırım Faaliyetlerinden Nakit,Cash from Other Investment Operations,-35491382.0
AEFES,2024/6,4CAK,Yatırım Faaliyetlerinden Kaynaklanan Nakit,Cash from Investment Operations,-335724482.0
AEFES,2024/6,4CB,Serbest Nakit Akım,Free Cash Flow,157820413.0
AEFES,2024/6,4CBA,Finansal Borçlardaki Değişim,Change in Financial Debt,292729447.0
AEFES,2024/6,4CBB,Temettü Ödemeleri,Dividends Paid,-107409922.0
AEFES,2024/6,4CBC,Sermaye Artırımı,Rights Issue,0.0
AEFES,2024/6,4CBD,Diğer Finansman Faaliyetlerinden Nakit,Cash from Other Financial Operations,-350709589.0
AEFES,2024/6,4CBE,Finansman Faaliyetlerden Kaynaklanan Nakit,Cash from Financial Operations,-165390064.0
AEFES,2024/6,4CBF,Yab. Para Çev. Fark. Etk. Önc.Nak.Ve Nak. Benz. Net Artış/Azalış,Cash Net Inc. / Dec. before For.Cur. Trans. Dif.,-7569652.0
AEFES,2024/6,4CBG,Yab.ı Para Çevrim Fark. Nakit Ve Nakit Benz. Üzerindeki Etkisi,Foreign Curr. Trans.Diff.Cash and Cash Benz. Imp.,-73362537.0
AEFES,2024/6,4CBH,Diğer Nakit Girişi/Çıkışı,Other Cash Inflow/Outflow,0.0
AEFES,2024/6,4CBI,Nakit ve Benzerlerindeki Değişim,Change in Cash & Cash Equivalents,-80932189.0
AEFES,2024/6,4CBJ,Diğer Nakit ve Nakit Benzerlerindeki Artış,Other Cash & Cash Equivalents Change,0.0
AEFES,2024/6,4CBK,Dönem Başı Nakit Değerler,Cash at the beginning of the Quarter,2194458578.0
AEFES,2024/6,4CBL,Dönem Sonu Nakit,Cash at the End of the Quarter,2113526389.0
AEFES,2024/9,1A,Dönen Varlıklar,CURRENT ASSETS,3663895912.0
AEFES,2024/9,1AA,Nakit ve Nakit Benzerleri,Cash and Cash Equivalents,1511713216.0
AEFES,2024/9,1AB,Finansal Yatırımlar,Short-Term Financial Investments,38137439.0
AEFES,2024/9,1AC,Ticari Alacaklar,Short-Term Trade Receivables,928185270.0
AEFES,2024/9,1AD,Finans Sektörü Faaliyetlerinden Alacaklar,Short-Term Receivables from Financial Operations,0.0
AEFES,2024/9,1AE,Diğer Alacaklar,Short-Term Other Receivables,30933987.0
AEFES,2024/9,1AEA,Müşteri Sözleşmelerinden Doğan Varlıklar,nan,0.0
AEFES,2024/9,1AF,Stoklar,Inventories,822139048.0
AEFES,2024/9,1AG,Canlı Varlıklar,Short-Term Live Assets,0.0
AEFES,2024/9,1AH,Diğer Dönen Varlıklar,Other Current Assets,332786952.0
AEFES,2024/9,1AI,(Ara Toplam),(Subtotal),3663895912.0
AEFES,2024/9,1AJ,Satış Amacıyla Elde Tutulan Duran Varlıklar,Assets to be Sold,0.0
AEFES,2024/9,1AK,Duran Varlıklar,LONG TERM ASSETS,6580871469.0
AEFES,2024/9,1B,Ticari Alacaklar,Trade Receivables,17553.0
AEFES,2024/9,1BA,Finans Sektörü Faaliyetlerinden Alacaklar,Long-Term Receivables from Financial Operations,0.0
AEFES,2024/9,1BB,Diğer Alacaklar,Other Receivables,10309808.0
AEFES,2024/9,1BBA,Müşteri Sözleşmelerinden Doğan Varlıklar,nan,0.0
AEFES,2024/9,1BC,Finansal Yatırımlar,Financial Investments,432473.0
AEFES,2024/9,1BD,Özkaynak Yöntemiyle Değerlenen Yatırımlar,Investments with Equity Method,464009.0
AEFES,2024/9,1BE,Canlı Varlıklar,Long-Term Live Assets,0.0
AEFES,2024/9,1BF,Yatırım Amaçlı Gayrimenkuller,Real Estate Investments,0.0
AEFES,2024/9,1BFA,Stoklar,Stoklar,0.0
AEFES,2024/9,1BFAA,Kullanım Hakkı Varlıkları,nan,90238309.0
AEFES,2024/9,1BG,Maddi Duran Varlıklar,Tangible Fixed Assets,2267488276.0
AEFES,2024/9,1BGA,Şerefiye,Goodwill,430243750.0
AEFES,2024/9,1BH,Maddi Olmayan Duran Varlıklar,Intangible Fixed Assets,3382347341.0
AEFES,2024/9,1BJ,Ertelenmiş Vergi Varlığı,Long Term Deffered Tax Assets,255954158.0
AEFES,2024/9,1BK,Diğer Duran Varlıklar,Other Long-Term Assets,143375792.0
AEFES,2024/9,1BL,TOPLAM VARLIKLAR,TOTAL ASSETS,10244767381.0
AEFES,2024/9,1BM,KAYNAKLAR,LIABILITIES,0.0
AEFES,2024/9,2A,Kısa Vadeli Yükümlülükler,SHORT TERM LIABILITIES,3088243136.0
AEFES,2024/9,2AA,Finansal Borçlar,Short-Term Financial Loans,755717955.0
AEFES,2024/9,2AAG,Diğer Finansal Yükümlülükler,Other Short-Term Financial Liabilities,5387084.0
AEFES,2024/9,2AAGAA,Ticari Borçlar,Short-Term Trade Payables,1496678593.0
AEFES,2024/9,2AAGAB,Diğer Borçlar,Other Short-Term Loans,679788576.0
AEFES,2024/9,2AAGAC,Müşteri Söz. Doğan Yük.,nan,0.0
AEFES,2024/9,2AAGB,Finans Sektörü Faaliyetlerinden Borçlar,Short-Term Loans from Financial Operations,0.0
AEFES,2024/9,2AAGC,Devlet Teşvik ve Yardımları,Short-Term Government Promotions and Aids,0.0
AEFES,2024/9,2AAGCA,Ertelenmiş Gelirler (Müşteri Söz. Doğan Yük. Dış.Kal.),nan,18620434.0
AEFES,2024/9,2AAGD,Dönem Karı Vergi Yükümlülüğü,Taxation Liabilities on Income (-),27311987.0
AEFES,2024/9,2AAGE,Borç Karşılıkları,Short-Term Provisions,68354626.0
AEFES,2024/9,2AAGF,Diğer Kısa Vadeli Yükümlülükler,Other Short-Term Liabilities,36383881.0
AEFES,2024/9,2AAGG,(Ara Toplam),(Subtotal),3088243136.0
AEFES,2024/9,2AAGH,Satış Amaçlı Elde Tutulan Duran Varlıklara İlişkin Yükümlülükler,Liabilities on Assets to be Sold,0.0
AEFES,2024/9,2B,Uzun Vadeli Yükümlülükler,LONG TERM LIABILITIES,2137075550.0
AEFES,2024/9,2BA,Finansal Borçlar,Long-Term Financial Loans,1395154480.0
AEFES,2024/9,2BB,Diğer Finansal Yükümlülükler,Other Short-Term Financial Liabilities,0.0
AEFES,2024/9,2BBA,Ticari Borçlar,Long-Term Trade Payables,55730.0
AEFES,2024/9,2BBB,Diğer Borçlar,Other Long-Term Loans,421853.0
AEFES,2024/9,2BBBA,Müşteri Söz.Doğan Yük.,nan,0.0
AEFES,2024/9,2BC,Finans Sektörü Faaliyetlerinden Borçlar,Long-Term Loans from Financial Operations,0.0
AEFES,2024/9,2BD,Devlet Teşvik ve Yardımları,Long-Term Government Promotions and Aids,0.0
AEFES,2024/9,2BDA,Ertelenmiş Gelirler (Müşteri Söz.Doğan Yük. Dış.Kal.),nan,329262.0
AEFES,2024/9,2BE,Uzun vadeli karşılıklar,Long-Term Provisions,36071937.0
AEFES,2024/9,2BF,Çalışanlara Sağlanan Faydalara İliş.Karş.,Provisions for Retirment Pay,0.0
AEFES,2024/9,2BG,Ertelenmiş Vergi Yükümlülüğü,Deferred Tax Liabilities,702240035.0
AEFES,2024/9,2BH,Diğer Uzun Vadeli Yükümlülükler,Other Long-Term Liabilities,2802253.0
AEFES,2024/9,2N,Özkaynaklar,SHAREHOLDERS EQUITY,5019448695.0
AEFES,2024/9,2O,Ana Ortaklığa Ait Özkaynaklar,Parent Shareholders Capital,2511861508.0
AEFES,2024/9,2OA,Ödenmiş Sermaye,Share Capital,17321875.0
AEFES,2024/9,2OC,Karşılıklı İştirak Sermayesi Düzeltmesi (-),Adjustments to Share Capital,0.0
AEFES,2024/9,2OCA,Hisse Senedi İhraç Primleri,Premium in Excess of Par,57259533.0
AEFES,2024/9,2OCB,Değer Artış Fonları,Market Value Surpluses,0.0
AEFES,2024/9,2OCC,Yabancı Para Çevrim Farkları,FX Translation Differences,654758956.0
AEFES,2024/9,2OCD,Kardan Ayrılan Kısıtlanmış Yedekler,Income Reserves,148624881.0
AEFES,2024/9,2OCE,Geçmiş Yıllar Kar/Zararları,Retained Earnings /(Acc. Losses),2259353617.0
AEFES,2024/9,2OCF,Dönem Net Kar/Zararı,Current Year Income /(Losses),398346844.0
AEFES,2024/9,2OD,Diğer Özsermaye Kalemleri,Other Sholders Equity Items,-1023804198.0
AEFES,2024/9,2ODA,Azınlık Payları,Minority Interests,2507587186.0
AEFES,2024/9,2ODB,TOPLAM KAYNAKLAR,TOTAL LIABILITIES AND S.HOLDERS EQUITY,10244767381.0
AEFES,2024/9,3B,Sürdürülen Faaliyetler,Continuing Operations,0.0
AEFES,2024/9,3C,Satış Gelirleri,Net Sales,7413592224.0
AEFES,2024/9,3CA,Satışların Maliyeti (-),Cost Of Sales,-4477792782.0
AEFES,2024/9,3CAA,Ticari Faaliyetlerden Diğer Kar (Zarar),Other Profit (Loss) from Trade Operations,0.0
AEFES,2024/9,3CAB,Ticari Faaliyetlerden Brüt Kar (Zarar),Gross Profit (Loss) from Trade Operations,2935799442.0
AEFES,2024/9,3CAC,"Faiz, Ücret, Prim, Komisyon ve Diğer Gelirler","Proceeds from Interest, Fee, Premium, Commission and Other",0.0
AEFES,2024/9,3CAD,"Faiz, Ücret, Prim, Komisyon ve Diğer Giderler (-)","Expenses from Interest, Fee, Premium, Commission and Other",0.0
AEFES,2024/9,3CAE,Finans Sektörü Faaliyetlerinden Diğer Kar (Zarar),Other Profit (Loss) from Financial Operations,0.0
AEFES,2024/9,3CAF,Finans Sektörü Faaliyetlerinden Brüt Kar (Zarar),Gross Profit (Loss) from Financial Operations,0.0
AEFES,2024/9,3CB,Diğer Gelir ve Giderler,Other Income (Expenses),0.0
AEFES,2024/9,3D,BRÜT KAR (ZARAR),GROSS PROFIT (LOSS),2935799442.0
AEFES,2024/9,3DA,"Pazarlama, Satış ve Dağıtım Giderleri (-)",Marketing Selling & Distrib. Expenses (-),-1391148017.0
AEFES,2024/9,3DB,Genel Yönetim Giderleri (-),General Administrative Expenses (-),-541322677.0
AEFES,2024/9,3DC,Araştırma ve Geliştirme Giderleri (-),Research & Development Expenses (-),0.0
AEFES,2024/9,3DD,Diğer Faaliyet Gelirleri,Income from Other Operations,173788879.0
AEFES,2024/9,3DE,Diğer Faaliyet Giderleri (-),Expenses from Other Operations (-),-179277292.0
AEFES,2024/9,3DEA,Faaliyet Karı Öncesi Diğer Gelir ve Giderler,Other Income (Expenses) Before Operating Profits,0.0
AEFES,2024/9,3DF,FAALİYET KARI (ZARARI),OPERATING PROFITS,997840335.0
AEFES,2024/9,3H,Net Faaliyet Kar/Zararı,Net Operating Profits,1003328748.0
AEFES,2024/9,3HA,Yatırım Faaliyetlerinden Gelirler,nan,4999721.0
AEFES,2024/9,3HAA,Yatırım Faaliyetlerinden Giderler (-),nan,-11333984.0
AEFES,2024/9,3HAB,Diğer Gelir ve Giderler,nan,0.0
AEFES,2024/9,3HAC,Özkaynak Yöntemiyle Değerlenen Yatırımların Kar/Zararlarındaki Paylar,Profit (Loss) from Subsidiaries,-189281.0
AEFES,2024/9,3HACA,Finansman Gideri Öncesi Faaliyet Karı/Zararı,nan,991316791.0
AEFES,2024/9,3HB,(Esas Faaliyet Dışı) Finansal Gelirler,Financial Income (from Other Operations),378883860.0
AEFES,2024/9,3HC,(Esas Faaliyet Dışı) Finansal Giderler (-),Financial Expenses (from Other Operations) (-),-196211896.0
AEFES,2024/9,3HCA,Vergi Öncesi Diğer Gelir ve Giderler,Other Income (Expenses) Before Tax,-6334263.0
AEFES,2024/9,3I,SÜRDÜRÜLEN FAALİYETLER VERGİ ÖNCESİ KARI (ZARARI),PROFIT BEFORE TAX FROM CONTINUING OPERATIONS,1173988755.0
AEFES,2024/9,3IA,Sürdürülen Faaliyetler Vergi Geliri (Gideri),Taxation on Continuing Operations,-224377509.0
AEFES,2024/9,3IB,Dönem Vergi Geliri (Gideri),Taxation on Income (Expenses),-245000991.0
AEFES,2024/9,3IC,Ertelenmiş Vergi Geliri (Gideri),Income (Expenses) of Deferred Tax,20623482.0
AEFES,2024/9,3ID,Diğer Vergi Geliri (Gideri),Other Taxation Income (Expenses),0.0
AEFES,2024/9,3J,SÜRDÜRÜLEN FAALİYETLER DÖNEM KARI/ZARARI,PROFIT FROM CONTINUING OPERATIONS,949611245.0
AEFES,2024/9,3K,DURDURULAN FAALİYETLER,DISCONTINUED OPERATIONS,0.0
AEFES,2024/9,3KA,Durdurulan Faaliyetler Vergi Sonrası Dönem Karı (Zararı),Profit After Taxes from Discontinued Operations,0.0
AEFES,2024/9,3L,DÖNEM KARI (ZARARI),NET PROFIT AFTER TAXES,949611245.0
AEFES,2024/9,3LA,Dönem Kar/Zararının Dağılımı,Distrubition of Profit (Loss),0.0
AEFES,2024/9,3LB,Azınlık Payları,Minority Interests,387344641.0
AEFES,2024/9,3Z,Ana Ortaklık Payları,Parent Shares,562266605.0
AEFES,2024/9,3ZD,Hisse Başına Kazanç,Earnings per Share,0.0
AEFES,2024/9,3ZE,Seyreltilmiş Hisse Başına Kazanç,Diluted Earnings per Share,0.0
AEFES,2024/9,3ZF,Sürdürülen Faaliyetlerden Hisse Başına Kazanç,Earnings per Share from Continuing Operations,0.0
AEFES,2024/9,3ZG,Sürdürülen Faaliyetlerden Seyreltilmiş Hisse Başına Kazanç,Earnings per Share from Discontinued Operations,0.0
AEFES,2024/9,4B,Amortisman Giderleri,Depreciation & Amortization,332167813.0
AEFES,2024/9,4BA,Kıdem Tazminatı,Severance Payments,32390180.0
AEFES,2024/9,4BB,Finansman Giderleri,Financial Expenses,-196211896.0
AEFES,2024/9,4BC,Yurtiçi Satışlar,Domestic Sales,0.0
AEFES,2024/9,4BD,Yurtdışı Satışlar,Export Sales,0.0
AEFES,2024/9,4BE,Net Yabancı Para Pozisyonu,Net Fx Position,-526835750.0
AEFES,2024/9,4BEA,Parasal net yabancı para varlık/(yükümlülük) pozisyonu,Parasal net yabancı para varlık/(yükümlülük) pozisyonu,-546633147.0
AEFES,2024/9,4BEB,Net YPP (Hedge Dahil),Net YPP (Hedge Dahil),614759046.0
AEFES,2024/9,4C,İşletme Faaliyetlerinden Kaynaklanan Net Nakit,Net Cash from Operations,1049401487.0
AEFES,2024/9,4CA,Düzeltme Öncesi Kar,Earnings Before Adjustments,949611245.0
AEFES,2024/9,4CAA,Düzeltmeler:,Adjustments:,314241202.0
AEFES,2024/9,4CAB,Amortisman & İtfa Payları,Depreciation & Amortisation,332167813.0
AEFES,2024/9,4CAC,Karşılıklardaki Değişim,Change in Provisions,11298110.0
AEFES,2024/9,4CAD,Diğer Gelir/ Gider,Other Income / Expense,591245508.0
AEFES,2024/9,4CAE,İşletme Sermayesinde Değişikler Öncesi Faaliyet Karı (+),Operating Profit Before Changes in Working Capital (+),1263852447.0
AEFES,2024/9,4CAF,İşletme Sermayesindeki Değişiklikler,Change in Working Capital,25450372.0
AEFES,2024/9,4CAG,Esas Faaliyet ile İlgili Oluşan Nakit (+),Cash from Core Operations (+),1289302819.0
AEFES,2024/9,4CAH,Diğer İşletme Faaliyetlerinden Nakit,Cash from Other Operations,-239901332.0
AEFES,2024/9,4CAI,Sabit Sermaye Yatırımları,Capital Expenditures (CapEx),-489490335.0
AEFES,2024/9,4CAJ,Diğer Yatırım Faaliyetlerinden Nakit,Cash from Other Investment Operations,-34316016.0
AEFES,2024/9,4CAK,Yatırım Faaliyetlerinden Kaynaklanan Nakit,Cash from Investment Operations,-523806351.0
AEFES,2024/9,4CB,Serbest Nakit Akım,Free Cash Flow,525595136.0
AEFES,2024/9,4CBA,Finansal Borçlardaki Değişim,Change in Financial Debt,188222274.0
AEFES,2024/9,4CBB,Temettü Ödemeleri,Dividends Paid,-115647460.0
AEFES,2024/9,4CBC,Sermaye Artırımı,Rights Issue,0.0
AEFES,2024/9,4CBD,Diğer Finansman Faaliyetlerinden Nakit,Cash from Other Financial Operations,-580831196.0
AEFES,2024/9,4CBE,Finansman Faaliyetlerden Kaynaklanan Nakit,Cash from Financial Operations,-508256382.0
AEFES,2024/9,4CBF,Yab. Para Çev. Fark. Etk. Önc.Nak.Ve Nak. Benz. Net Artış/Azalış,Cash Net Inc. / Dec. before For.Cur. Trans. Dif.,17338755.0
AEFES,2024/9,4CBG,Yab.ı Para Çevrim Fark. Nakit Ve Nakit Benz. Üzerindeki Etkisi,Foreign Curr. Trans.Diff.Cash and Cash Benz. Imp.,-126087299.0
AEFES,2024/9,4CBH,Diğer Nakit Girişi/Çıkışı,Other Cash Inflow/Outflow,0.0
AEFES,2024/9,4CBI,Nakit ve Benzerlerindeki Değişim,Change in Cash & Cash Equivalents,-108748544.0
AEFES,2024/9,4CBJ,Diğer Nakit ve Nakit Benzerlerindeki Artış,Other Cash & Cash Equivalents Change,0.0
AEFES,2024/9,4CBK,Dönem Başı Nakit Değerler,Cash at the beginning of the Quarter,2311025527.0
AEFES,2024/9,4CBL,Dönem Sonu Nakit,Cash at the End of the Quarter,2131658364.0
AEFES,2025/3,1A,Dönen Varlıklar,CURRENT ASSETS,2640768072.0
AEFES,2025/3,1AA,Nakit ve Nakit Benzerleri,Cash and Cash Equivalents,731289142.0
AEFES,2025/3,1AB,Finansal Yatırımlar,Short-Term Financial Investments,12691859.0
AEFES,2025/3,1AC,Ticari Alacaklar,Short-Term Trade Receivables,827730621.0
AEFES,2025/3,1AD,Finans Sektörü Faaliyetlerinden Alacaklar,Short-Term Receivables from Financial Operations,0.0
AEFES,2025/3,1AE,Diğer Alacaklar,Short-Term Other Receivables,53358223.0
AEFES,2025/3,1AEA,Müşteri Sözleşmelerinden Doğan Varlıklar,nan,0.0
AEFES,2025/3,1AF,Stoklar,Inventories,634229192.0
AEFES,2025/3,1AG,Canlı Varlıklar,Short-Term Live Assets,0.0
AEFES,2025/3,1AH,Diğer Dönen Varlıklar,Other Current Assets,381469034.0
AEFES,2025/3,1AI,(Ara Toplam),(Subtotal),2640768072.0
AEFES,2025/3,1AJ,Satış Amacıyla Elde Tutulan Duran Varlıklar,Assets to be Sold,0.0
AEFES,2025/3,1AK,Duran Varlıklar,LONG TERM ASSETS,6816317225.0
AEFES,2025/3,1B,Ticari Alacaklar,Trade Receivables,33039.0
AEFES,2025/3,1BA,Finans Sektörü Faaliyetlerinden Alacaklar,Long-Term Receivables from Financial Operations,0.0
AEFES,2025/3,1BB,Diğer Alacaklar,Other Receivables,9315134.0
AEFES,2025/3,1BBA,Müşteri Sözleşmelerinden Doğan Varlıklar,nan,0.0
AEFES,2025/3,1BC,Finansal Yatırımlar,Financial Investments,1272738722.0
AEFES,2025/3,1BD,Özkaynak Yöntemiyle Değerlenen Yatırımlar,Investments with Equity Method,531801.0
AEFES,2025/3,1BE,Canlı Varlıklar,Long-Term Live Assets,0.0
AEFES,2025/3,1BF,Yatırım Amaçlı Gayrimenkuller,Real Estate Investments,0.0
AEFES,2025/3,1BFA,Stoklar,Stoklar,0.0
AEFES,2025/3,1BFAA,Kullanım Hakkı Varlıkları,nan,100430225.0
AEFES,2025/3,1BG,Maddi Duran Varlıklar,Tangible Fixed Assets,1989346456.0
AEFES,2025/3,1BGA,Şerefiye,Goodwill,220028308.0
AEFES,2025/3,1BH,Maddi Olmayan Duran Varlıklar,Intangible Fixed Assets,2821803868.0
AEFES,2025/3,1BJ,Ertelenmiş Vergi Varlığı,Long Term Deffered Tax Assets,270133215.0
AEFES,2025/3,1BK,Diğer Duran Varlıklar,Other Long-Term Assets,131956457.0
AEFES,2025/3,1BL,TOPLAM VARLIKLAR,TOTAL ASSETS,9457085297.0
AEFES,2025/3,1BM,KAYNAKLAR,LIABILITIES,0.0
AEFES,2025/3,2A,Kısa Vadeli Yükümlülükler,SHORT TERM LIABILITIES,2668332888.0
AEFES,2025/3,2AA,Finansal Borçlar,Short-Term Financial Loans,1160421423.0
AEFES,2025/3,2AAG,Diğer Finansal Yükümlülükler,Other Short-Term Financial Liabilities,0.0
AEFES,2025/3,2AAGAA,Ticari Borçlar,Short-Term Trade Payables,936796322.0
AEFES,2025/3,2AAGAB,Diğer Borçlar,Other Short-Term Loans,473731171.0
AEFES,2025/3,2AAGAC,Müşteri Söz. Doğan Yük.,nan,0.0
AEFES,2025/3,2AAGB,Finans Sektörü Faaliyetlerinden Borçlar,Short-Term Loans from Financial Operations,0.0
AEFES,2025/3,2AAGC,Devlet Teşvik ve Yardımları,Short-Term Government Promotions and Aids,0.0
AEFES,2025/3,2AAGCA,Ertelenmiş Gelirler (Müşteri Söz. Doğan Yük. Dış.Kal.),nan,11468215.0
AEFES,2025/3,2AAGD,Dönem Karı Vergi Yükümlülüğü,Taxation Liabilities on Income (-),18845157.0
AEFES,2025/3,2AAGE,Borç Karşılıkları,Short-Term Provisions,33266638.0
AEFES,2025/3,2AAGF,Diğer Kısa Vadeli Yükümlülükler,Other Short-Term Liabilities,33803963.0
AEFES,2025/3,2AAGG,(Ara Toplam),(Subtotal),2668332888.0
AEFES,2025/3,2AAGH,Satış Amaçlı Elde Tutulan Duran Varlıklara İlişkin Yükümlülükler,Liabilities on Assets to be Sold,0.0
AEFES,2025/3,2B,Uzun Vadeli Yükümlülükler,LONG TERM LIABILITIES,1980369803.0
AEFES,2025/3,2BA,Finansal Borçlar,Long-Term Financial Loans,1331407555.0
AEFES,2025/3,2BB,Diğer Finansal Yükümlülükler,Other Short-Term Financial Liabilities,0.0
AEFES,2025/3,2BBA,Ticari Borçlar,Long-Term Trade Payables,42343.0
AEFES,2025/3,2BBB,Diğer Borçlar,Other Long-Term Loans,770398.0
AEFES,2025/3,2BBBA,Müşteri Söz.Doğan Yük.,nan,0.0
AEFES,2025/3,2BC,Finans Sektörü Faaliyetlerinden Borçlar,Long-Term Loans from Financial Operations,0.0
AEFES,2025/3,2BD,Devlet Teşvik ve Yardımları,Long-Term Government Promotions and Aids,0.0
AEFES,2025/3,2BDA,Ertelenmiş Gelirler (Müşteri Söz.Doğan Yük. Dış.Kal.),nan,8326.0
AEFES,2025/3,2BE,Uzun vadeli karşılıklar,Long-Term Provisions,37257551.0
AEFES,2025/3,2BF,Çalışanlara Sağlanan Faydalara İliş.Karş.,Provisions for Retirment Pay,0.0
AEFES,2025/3,2BG,Ertelenmiş Vergi Yükümlülüğü,Deferred Tax Liabilities,608469565.0
AEFES,2025/3,2BH,Diğer Uzun Vadeli Yükümlülükler,Other Long-Term Liabilities,2414065.0
AEFES,2025/3,2N,Özkaynaklar,SHAREHOLDERS EQUITY,4808382606.0
AEFES,2025/3,2O,Ana Ortaklığa Ait Özkaynaklar,Parent Shareholders Capital,2340615404.0
AEFES,2025/3,2OA,Ödenmiş Sermaye,Share Capital,15650201.0
AEFES,2025/3,2OC,Karşılıklı İştirak Sermayesi Düzeltmesi (-),Adjustments to Share Capital,0.0
AEFES,2025/3,2OCA,Hisse Senedi İhraç Primleri,Premium in Excess of Par,60509599.0
AEFES,2025/3,2OCB,Değer Artış Fonları,Market Value Surpluses,0.0
AEFES,2025/3,2OCC,Yabancı Para Çevrim Farkları,FX Translation Differences,425782147.0
AEFES,2025/3,2OCD,Kardan Ayrılan Kısıtlanmış Yedekler,Income Reserves,157051465.0
AEFES,2025/3,2OCE,Geçmiş Yıllar Kar/Zararları,Retained Earnings /(Acc. Losses),2832035698.0
AEFES,2025/3,2OCF,Dönem Net Kar/Zararı,Current Year Income /(Losses),45598369.0
AEFES,2025/3,2OD,Diğer Özsermaye Kalemleri,Other Sholders Equity Items,-1196012074.0
AEFES,2025/3,2ODA,Azınlık Payları,Minority Interests,2467767202.0
AEFES,2025/3,2ODB,TOPLAM KAYNAKLAR,TOTAL LIABILITIES AND S.HOLDERS EQUITY,9457085297.0
AEFES,2025/3,3B,Sürdürülen Faaliyetler,Continuing Operations,0.0
AEFES,2025/3,3C,Satış Gelirleri,Net Sales,1223141491.0
AEFES,2025/3,3CA,Satışların Maliyeti (-),Cost Of Sales,-834977168.0
AEFES,2025/3,3CAA,Ticari Faaliyetlerden Diğer Kar (Zarar),Other Profit (Loss) from Trade Operations,0.0
AEFES,2025/3,3CAB,Ticari Faaliyetlerden Brüt Kar (Zarar),Gross Profit (Loss) from Trade Operations,388164323.0
AEFES,2025/3,3CAC,"Faiz, Ücret, Prim, Komisyon ve Diğer Gelirler","Proceeds from Interest, Fee, Premium, Commission and Other",0.0
AEFES,2025/3,3CAD,"Faiz, Ücret, Prim, Komisyon ve Diğer Giderler (-)","Expenses from Interest, Fee, Premium, Commission and Other",0.0
AEFES,2025/3,3CAE,Finans Sektörü Faaliyetlerinden Diğer Kar (Zarar),Other Profit (Loss) from Financial Operations,0.0
AEFES,2025/3,3CAF,Finans Sektörü Faaliyetlerinden Brüt Kar (Zarar),Gross Profit (Loss) from Financial Operations,0.0
AEFES,2025/3,3CB,Diğer Gelir ve Giderler,Other Income (Expenses),0.0
AEFES,2025/3,3D,BRÜT KAR (ZARAR),GROSS PROFIT (LOSS),388164323.0
AEFES,2025/3,3DA,"Pazarlama, Satış ve Dağıtım Giderleri (-)",Marketing Selling & Distrib. Expenses (-),-262070263.0
AEFES,2025/3,3DB,Genel Yönetim Giderleri (-),General Administrative Expenses (-),-105136278.0
AEFES,2025/3,3DC,Araştırma ve Geliştirme Giderleri (-),Research & Development Expenses (-),0.0
AEFES,2025/3,3DD,Diğer Faaliyet Gelirleri,Income from Other Operations,33441696.0
AEFES,2025/3,3DE,Diğer Faaliyet Giderleri (-),Expenses from Other Operations (-),-30167369.0
AEFES,2025/3,3DEA,Faaliyet Karı Öncesi Diğer Gelir ve Giderler,Other Income (Expenses) Before Operating Profits,0.0
AEFES,2025/3,3DF,FAALİYET KARI (ZARARI),OPERATING PROFITS,24232109.0
AEFES,2025/3,3H,Net Faaliyet Kar/Zararı,Net Operating Profits,20957782.0
AEFES,2025/3,3HA,Yatırım Faaliyetlerinden Gelirler,nan,85758247.0
AEFES,2025/3,3HAA,Yatırım Faaliyetlerinden Giderler (-),nan,-1958809.0
AEFES,2025/3,3HAB,Diğer Gelir ve Giderler,nan,0.0
AEFES,2025/3,3HAC,Özkaynak Yöntemiyle Değerlenen Yatırımların Kar/Zararlarındaki Paylar,Profit (Loss) from Subsidiaries,102687.0
AEFES,2025/3,3HACA,Finansman Gideri Öncesi Faaliyet Karı/Zararı,nan,108134234.0
AEFES,2025/3,3HB,(Esas Faaliyet Dışı) Finansal Gelirler,Financial Income (from Other Operations),35776833.0
AEFES,2025/3,3HC,(Esas Faaliyet Dışı) Finansal Giderler (-),Financial Expenses (from Other Operations) (-),-19757667.0
AEFES,2025/3,3HCA,Vergi Öncesi Diğer Gelir ve Giderler,Other Income (Expenses) Before Tax,83799438.0
AEFES,2025/3,3I,SÜRDÜRÜLEN FAALİYETLER VERGİ ÖNCESİ KARI (ZARARI),PROFIT BEFORE TAX FROM CONTINUING OPERATIONS,124153399.0
AEFES,2025/3,3IA,Sürdürülen Faaliyetler Vergi Geliri (Gideri),Taxation on Continuing Operations,-21816571.0
AEFES,2025/3,3IB,Dönem Vergi Geliri (Gideri),Taxation on Income (Expenses),-33657966.0
AEFES,2025/3,3IC,Ertelenmiş Vergi Geliri (Gideri),Income (Expenses) of Deferred Tax,11841394.0
AEFES,2025/3,3ID,Diğer Vergi Geliri (Gideri),Other Taxation Income (Expenses),0.0
AEFES,2025/3,3J,SÜRDÜRÜLEN FAALİYETLER DÖNEM KARI/ZARARI,PROFIT FROM CONTINUING OPERATIONS,102336828.0
AEFES,2025/3,3K,DURDURULAN FAALİYETLER,DISCONTINUED OPERATIONS,0.0
AEFES,2025/3,3KA,Durdurulan Faaliyetler Vergi Sonrası Dönem Karı (Zararı),Profit After Taxes from Discontinued Operations,0.0
AEFES,2025/3,3L,DÖNEM KARI (ZARARI),NET PROFIT AFTER TAXES,102336828.0
AEFES,2025/3,3LA,Dönem Kar/Zararının Dağılımı,Distrubition of Profit (Loss),0.0
AEFES,2025/3,3LB,Azınlık Payları,Minority Interests,54753823.0
AEFES,2025/3,3Z,Ana Ortaklık Payları,Parent Shares,47583005.0
AEFES,2025/3,3ZD,Hisse Başına Kazanç,Earnings per Share,0.0
AEFES,2025/3,3ZE,Seyreltilmiş Hisse Başına Kazanç,Diluted Earnings per Share,0.0
AEFES,2025/3,3ZF,Sürdürülen Faaliyetlerden Hisse Başına Kazanç,Earnings per Share from Continuing Operations,0.0
AEFES,2025/3,3ZG,Sürdürülen Faaliyetlerden Seyreltilmiş Hisse Başına Kazanç,Earnings per Share from Discontinued Operations,0.0
AEFES,2025/3,4B,Amortisman Giderleri,Depreciation & Amortization,77719041.0
AEFES,2025/3,4BA,Kıdem Tazminatı,Severance Payments,10730369.0
AEFES,2025/3,4BB,Finansman Giderleri,Financial Expenses,-19757667.0
AEFES,2025/3,4BC,Yurtiçi Satışlar,Domestic Sales,0.0
AEFES,2025/3,4BD,Yurtdışı Satışlar,Export Sales,0.0
AEFES,2025/3,4BE,Net Yabancı Para Pozisyonu,Net Fx Position,-1484234032.0
AEFES,2025/3,4BEA,Parasal net yabancı para varlık/(yükümlülük) pozisyonu,Parasal net yabancı para varlık/(yükümlülük) pozisyonu,-1509844986.0
AEFES,2025/3,4BEB,Net YPP (Hedge Dahil),Net YPP (Hedge Dahil),-359256397.0
AEFES,2025/3,4C,İşletme Faaliyetlerinden Kaynaklanan Net Nakit,Net Cash from Operations,-244241644.0
AEFES,2025/3,4CA,Düzeltme Öncesi Kar,Earnings Before Adjustments,102336828.0
AEFES,2025/3,4CAA,Düzeltmeler:,Adjustments:,-30702044.0
AEFES,2025/3,4CAB,Amortisman & İtfa Payları,Depreciation & Amortisation,77719041.0
AEFES,2025/3,4CAC,Karşılıklardaki Değişim,Change in Provisions,19849157.0
AEFES,2025/3,4CAD,Diğer Gelir/ Gider,Other Income / Expense,54163295.0
AEFES,2025/3,4CAE,İşletme Sermayesinde Değişikler Öncesi Faaliyet Karı (+),Operating Profit Before Changes in Working Capital (+),71634784.0
AEFES,2025/3,4CAF,İşletme Sermayesindeki Değişiklikler,Change in Working Capital,-268477008.0
AEFES,2025/3,4CAG,Esas Faaliyet ile İlgili Oluşan Nakit (+),Cash from Core Operations (+),-196842224.0
AEFES,2025/3,4CAH,Diğer İşletme Faaliyetlerinden Nakit,Cash from Other Operations,-47399420.0
AEFES,2025/3,4CAI,Sabit Sermaye Yatırımları,Capital Expenditures (CapEx),-106366815.0
AEFES,2025/3,4CAJ,Diğer Yatırım Faaliyetlerinden Nakit,Cash from Other Investment Operations,-734586544.0
AEFES,2025/3,4CAK,Yatırım Faaliyetlerinden Kaynaklanan Nakit,Cash from Investment Operations,-840953359.0
AEFES,2025/3,4CB,Serbest Nakit Akım,Free Cash Flow,-1085195004.0
AEFES,2025/3,4CBA,Finansal Borçlardaki Değişim,Change in Financial Debt,300662598.0
AEFES,2025/3,4CBB,Temettü Ödemeleri,Dividends Paid,-46834.0
AEFES,2025/3,4CBC,Sermaye Artırımı,Rights Issue,0.0
AEFES,2025/3,4CBD,Diğer Finansman Faaliyetlerinden Nakit,Cash from Other Financial Operations,-124086431.0
AEFES,2025/3,4CBE,Finansman Faaliyetlerden Kaynaklanan Nakit,Cash from Financial Operations,176529334.0
AEFES,2025/3,4CBF,Yab. Para Çev. Fark. Etk. Önc.Nak.Ve Nak. Benz. Net Artış/Azalış,Cash Net Inc. / Dec. before For.Cur. Trans. Dif.,-908665670.0
AEFES,2025/3,4CBG,Yab.ı Para Çevrim Fark. Nakit Ve Nakit Benz. Üzerindeki Etkisi,Foreign Curr. Trans.Diff.Cash and Cash Benz. Imp.,28944527.0
AEFES,2025/3,4CBH,Diğer Nakit Girişi/Çıkışı,Other Cash Inflow/Outflow,0.0
AEFES,2025/3,4CBI,Nakit ve Benzerlerindeki Değişim,Change in Cash & Cash Equivalents,-879721143.0
AEFES,2025/3,4CBJ,Diğer Nakit ve Nakit Benzerlerindeki Artış,Other Cash & Cash Equivalents Change,0.0
AEFES,2025/3,4CBK,Dönem Başı Nakit Değerler,Cash at the beginning of the Quarter,1642119647.0
AEFES,2025/3,4CBL,Dönem Sonu Nakit,Cash at the End of the Quarter,762398504.0
AEFES,2025/6,1A,Dönen Varlıklar,CURRENT ASSETS,3039157825.0
AEFES,2025/6,1AA,Nakit ve Nakit Benzerleri,Cash and Cash Equivalents,949896012.0
AEFES,2025/6,1AB,Finansal Yatırımlar,Short-Term Financial Investments,12954934.0
AEFES,2025/6,1AC,Ticari Alacaklar,Short-Term Trade Receivables,1045950910.0
AEFES,2025/6,1AD,Finans Sektörü Faaliyetlerinden Alacaklar,Short-Term Receivables from Financial Operations,0.0
AEFES,2025/6,1AE,Diğer Alacaklar,Short-Term Other Receivables,38478765.0
AEFES,2025/6,1AEA,Müşteri Sözleşmelerinden Doğan Varlıklar,nan,0.0
AEFES,2025/6,1AF,Stoklar,Inventories,634169078.0
AEFES,2025/6,1AG,Canlı Varlıklar,Short-Term Live Assets,0.0
AEFES,2025/6,1AH,Diğer Dönen Varlıklar,Other Current Assets,357708126.0
AEFES,2025/6,1AI,(Ara Toplam),(Subtotal),3039157825.0
AEFES,2025/6,1AJ,Satış Amacıyla Elde Tutulan Duran Varlıklar,Assets to be Sold,0.0
AEFES,2025/6,1AK,Duran Varlıklar,LONG TERM ASSETS,6880938049.0
AEFES,2025/6,1B,Ticari Alacaklar,Trade Receivables,4195.0
AEFES,2025/6,1BA,Finans Sektörü Faaliyetlerinden Alacaklar,Long-Term Receivables from Financial Operations,0.0
AEFES,2025/6,1BB,Diğer Alacaklar,Other Receivables,8728512.0
AEFES,2025/6,1BBA,Müşteri Sözleşmelerinden Doğan Varlıklar,nan,0.0
AEFES,2025/6,1BC,Finansal Yatırımlar,Financial Investments,1272733043.0
AEFES,2025/6,1BD,Özkaynak Yöntemiyle Değerlenen Yatırımlar,Investments with Equity Method,494494.0
AEFES,2025/6,1BE,Canlı Varlıklar,Long-Term Live Assets,0.0
AEFES,2025/6,1BF,Yatırım Amaçlı Gayrimenkuller,Real Estate Investments,0.0
AEFES,2025/6,1BFA,Stoklar,Stoklar,0.0
AEFES,2025/6,1BFAA,Kullanım Hakkı Varlıkları,nan,87459887.0
AEFES,2025/6,1BG,Maddi Duran Varlıklar,Tangible Fixed Assets,2053067512.0
AEFES,2025/6,1BGA,Şerefiye,Goodwill,220187630.0
AEFES,2025/6,1BH,Maddi Olmayan Duran Varlıklar,Intangible Fixed Assets,2826411294.0
AEFES,2025/6,1BJ,Ertelenmiş Vergi Varlığı,Long Term Deffered Tax Assets,276057711.0
AEFES,2025/6,1BK,Diğer Duran Varlıklar,Other Long-Term Assets,135793773.0
AEFES,2025/6,1BL,TOPLAM VARLIKLAR,TOTAL ASSETS,9920095875.0
AEFES,2025/6,1BM,KAYNAKLAR,LIABILITIES,0.0
AEFES,2025/6,2A,Kısa Vadeli Yükümlülükler,SHORT TERM LIABILITIES,2991508625.0
AEFES,2025/6,2AA,Finansal Borçlar,Short-Term Financial Loans,1182581959.0
AEFES,2025/6,2AAG,Diğer Finansal Yükümlülükler,Other Short-Term Financial Liabilities,0.0
AEFES,2025/6,2AAGAA,Ticari Borçlar,Short-Term Trade Payables,1118008008.0
AEFES,2025/6,2AAGAB,Diğer Borçlar,Other Short-Term Loans,570789302.0
AEFES,2025/6,2AAGAC,Müşteri Söz. Doğan Yük.,nan,0.0
AEFES,2025/6,2AAGB,Finans Sektörü Faaliyetlerinden Borçlar,Short-Term Loans from Financial Operations,0.0
AEFES,2025/6,2AAGC,Devlet Teşvik ve Yardımları,Short-Term Government Promotions and Aids,0.0
AEFES,2025/6,2AAGCA,Ertelenmiş Gelirler (Müşteri Söz. Doğan Yük. Dış.Kal.),nan,16523344.0
AEFES,2025/6,2AAGD,Dönem Karı Vergi Yükümlülüğü,Taxation Liabilities on Income (-),29817846.0
AEFES,2025/6,2AAGE,Borç Karşılıkları,Short-Term Provisions,42086084.0
AEFES,2025/6,2AAGF,Diğer Kısa Vadeli Yükümlülükler,Other Short-Term Liabilities,31702083.0
AEFES,2025/6,2AAGG,(Ara Toplam),(Subtotal),2991508625.0
AEFES,2025/6,2AAGH,Satış Amaçlı Elde Tutulan Duran Varlıklara İlişkin Yükümlülükler,Liabilities on Assets to be Sold,0.0
AEFES,2025/6,2B,Uzun Vadeli Yükümlülükler,LONG TERM LIABILITIES,2057740252.0
AEFES,2025/6,2BA,Finansal Borçlar,Long-Term Financial Loans,1365737835.0
AEFES,2025/6,2BB,Diğer Finansal Yükümlülükler,Other Short-Term Financial Liabilities,0.0
AEFES,2025/6,2BBA,Ticari Borçlar,Long-Term Trade Payables,1196512.0
AEFES,2025/6,2BBB,Diğer Borçlar,Other Long-Term Loans,38452819.0
AEFES,2025/6,2BBBA,Müşteri Söz.Doğan Yük.,nan,0.0
AEFES,2025/6,2BC,Finans Sektörü Faaliyetlerinden Borçlar,Long-Term Loans from Financial Operations,0.0
AEFES,2025/6,2BD,Devlet Teşvik ve Yardımları,Long-Term Government Promotions and Aids,0.0
AEFES,2025/6,2BDA,Ertelenmiş Gelirler (Müşteri Söz.Doğan Yük. Dış.Kal.),nan,24465.0
AEFES,2025/6,2BE,Uzun vadeli karşılıklar,Long-Term Provisions,39016889.0
AEFES,2025/6,2BF,Çalışanlara Sağlanan Faydalara İliş.Karş.,Provisions for Retirment Pay,0.0
AEFES,2025/6,2BG,Ertelenmiş Vergi Yükümlülüğü,Deferred Tax Liabilities,611047463.0
AEFES,2025/6,2BH,Diğer Uzun Vadeli Yükümlülükler,Other Long-Term Liabilities,2264269.0
AEFES,2025/6,2N,Özkaynaklar,SHAREHOLDERS EQUITY,4870846997.0
AEFES,2025/6,2O,Ana Ortaklığa Ait Özkaynaklar,Parent Shareholders Capital,2356586089.0
AEFES,2025/6,2OA,Ödenmiş Sermaye,Share Capital,148723815.0
AEFES,2025/6,2OC,Karşılıklı İştirak Sermayesi Düzeltmesi (-),Adjustments to Share Capital,0.0
AEFES,2025/6,2OCA,Hisse Senedi İhraç Primleri,Premium in Excess of Par,60956687.0
AEFES,2025/6,2OCB,Değer Artış Fonları,Market Value Surpluses,0.0
AEFES,2025/6,2OCC,Yabancı Para Çevrim Farkları,FX Translation Differences,376271338.0
AEFES,2025/6,2OCD,Kardan Ayrılan Kısıtlanmış Yedekler,Income Reserves,160094945.0
AEFES,2025/6,2OCE,Geçmiş Yıllar Kar/Zararları,Retained Earnings /(Acc. Losses),2831575012.0
AEFES,2025/6,2OCF,Dönem Net Kar/Zararı,Current Year Income /(Losses),148042595.0
AEFES,2025/6,2OD,Diğer Özsermaye Kalemleri,Other Sholders Equity Items,-1369078302.0
AEFES,2025/6,2ODA,Azınlık Payları,Minority Interests,2514260909.0
AEFES,2025/6,2ODB,TOPLAM KAYNAKLAR,TOTAL LIABILITIES AND S.HOLDERS EQUITY,9920095875.0
AEFES,2025/6,3B,Sürdürülen Faaliyetler,Continuing Operations,0.0
AEFES,2025/6,3C,Satış Gelirleri,Net Sales,2972024178.0
AEFES,2025/6,3CA,Satışların Maliyeti (-),Cost Of Sales,-1916182641.0
AEFES,2025/6,3CAA,Ticari Faaliyetlerden Diğer Kar (Zarar),Other Profit (Loss) from Trade Operations,0.0
AEFES,2025/6,3CAB,Ticari Faaliyetlerden Brüt Kar (Zarar),Gross Profit (Loss) from Trade Operations,1055841538.0
AEFES,2025/6,3CAC,"Faiz, Ücret, Prim, Komisyon ve Diğer Gelirler","Proceeds from Interest, Fee, Premium, Commission and Other",0.0
AEFES,2025/6,3CAD,"Faiz, Ücret, Prim, Komisyon ve Diğer Giderler (-)","Expenses from Interest, Fee, Premium, Commission and Other",0.0
AEFES,2025/6,3CAE,Finans Sektörü Faaliyetlerinden Diğer Kar (Zarar),Other Profit (Loss) from Financial Operations,0.0
AEFES,2025/6,3CAF,Finans Sektörü Faaliyetlerinden Brüt Kar (Zarar),Gross Profit (Loss) from Financial Operations,0.0
AEFES,2025/6,3CB,Diğer Gelir ve Giderler,Other Income (Expenses),0.0
AEFES,2025/6,3D,BRÜT KAR (ZARAR),GROSS PROFIT (LOSS),1055841538.0
AEFES,2025/6,3DA,"Pazarlama, Satış ve Dağıtım Giderleri (-)",Marketing Selling & Distrib. Expenses (-),-568766912.0
AEFES,2025/6,3DB,Genel Yönetim Giderleri (-),General Administrative Expenses (-),-227023638.0
AEFES,2025/6,3DC,Araştırma ve Geliştirme Giderleri (-),Research & Development Expenses (-),0.0
AEFES,2025/6,3DD,Diğer Faaliyet Gelirleri,Income from Other Operations,62522846.0
AEFES,2025/6,3DE,Diğer Faaliyet Giderleri (-),Expenses from Other Operations (-),-60506344.0
AEFES,2025/6,3DEA,Faaliyet Karı Öncesi Diğer Gelir ve Giderler,Other Income (Expenses) Before Operating Profits,0.0
AEFES,2025/6,3DF,FAALİYET KARI (ZARARI),OPERATING PROFITS,262067489.0
AEFES,2025/6,3H,Net Faaliyet Kar/Zararı,Net Operating Profits,260050987.0
AEFES,2025/6,3HA,Yatırım Faaliyetlerinden Gelirler,nan,91186035.0
AEFES,2025/6,3HAA,Yatırım Faaliyetlerinden Giderler (-),nan,-4148494.0
AEFES,2025/6,3HAB,Diğer Gelir ve Giderler,nan,0.0
AEFES,2025/6,3HAC,Özkaynak Yöntemiyle Değerlenen Yatırımların Kar/Zararlarındaki Paylar,Profit (Loss) from Subsidiaries,175356.0
AEFES,2025/6,3HACA,Finansman Gideri Öncesi Faaliyet Karı/Zararı,nan,349280386.0
AEFES,2025/6,3HB,(Esas Faaliyet Dışı) Finansal Gelirler,Financial Income (from Other Operations),88559855.0
AEFES,2025/6,3HC,(Esas Faaliyet Dışı) Finansal Giderler (-),Financial Expenses (from Other Operations) (-),-114044463.0
AEFES,2025/6,3HCA,Vergi Öncesi Diğer Gelir ve Giderler,Other Income (Expenses) Before Tax,87037541.0
AEFES,2025/6,3I,SÜRDÜRÜLEN FAALİYETLER VERGİ ÖNCESİ KARI (ZARARI),PROFIT BEFORE TAX FROM CONTINUING OPERATIONS,323795777.0
AEFES,2025/6,3IA,Sürdürülen Faaliyetler Vergi Geliri (Gideri),Taxation on Continuing Operations,-42719317.0
AEFES,2025/6,3IB,Dönem Vergi Geliri (Gideri),Taxation on Income (Expenses),-61385953.0
AEFES,2025/6,3IC,Ertelenmiş Vergi Geliri (Gideri),Income (Expenses) of Deferred Tax,18666636.0
AEFES,2025/6,3ID,Diğer Vergi Geliri (Gideri),Other Taxation Income (Expenses),0.0
AEFES,2025/6,3J,SÜRDÜRÜLEN FAALİYETLER DÖNEM KARI/ZARARI,PROFIT FROM CONTINUING OPERATIONS,281076461.0
AEFES,2025/6,3K,DURDURULAN FAALİYETLER,DISCONTINUED OPERATIONS,0.0
AEFES,2025/6,3KA,Durdurulan Faaliyetler Vergi Sonrası Dönem Karı (Zararı),Profit After Taxes from Discontinued Operations,0.0
AEFES,2025/6,3L,DÖNEM KARI (ZARARI),NET PROFIT AFTER TAXES,281076461.0
AEFES,2025/6,3LA,Dönem Kar/Zararının Dağılımı,Distrubition of Profit (Loss),0.0
AEFES,2025/6,3LB,Azınlık Payları,Minority Interests,123836714.0
AEFES,2025/6,3Z,Ana Ortaklık Payları,Parent Shares,157239747.0
AEFES,2025/6,3ZD,Hisse Başına Kazanç,Earnings per Share,0.0
AEFES,2025/6,3ZE,Seyreltilmiş Hisse Başına Kazanç,Diluted Earnings per Share,0.0
AEFES,2025/6,3ZF,Sürdürülen Faaliyetlerden Hisse Başına Kazanç,Earnings per Share from Continuing Operations,0.0
AEFES,2025/6,3ZG,Sürdürülen Faaliyetlerden Seyreltilmiş Hisse Başına Kazanç,Earnings per Share from Discontinued Operations,0.0
AEFES,2025/6,4B,Amortisman Giderleri,Depreciation & Amortization,158655721.0
AEFES,2025/6,4BA,Kıdem Tazminatı,Severance Payments,18402175.0
AEFES,2025/6,4BB,Finansman Giderleri,Financial Expenses,-114044463.0
AEFES,2025/6,4BC,Yurtiçi Satışlar,Domestic Sales,0.0
AEFES,2025/6,4BD,Yurtdışı Satışlar,Export Sales,0.0
AEFES,2025/6,4BE,Net Yabancı Para Pozisyonu,Net Fx Position,-1534047967.0
AEFES,2025/6,4BEA,Parasal net yabancı para varlık/(yükümlülük) pozisyonu,Parasal net yabancı para varlık/(yükümlülük) pozisyonu,-1552158815.0
AEFES,2025/6,4BEB,Net YPP (Hedge Dahil),Net YPP (Hedge Dahil),-389015901.0
AEFES,2025/6,4C,İşletme Faaliyetlerinden Kaynaklanan Net Nakit,Net Cash from Operations,192672807.0
AEFES,2025/6,4CA,Düzeltme Öncesi Kar,Earnings Before Adjustments,281076461.0
AEFES,2025/6,4CAA,Düzeltmeler:,Adjustments:,128685806.0
AEFES,2025/6,4CAB,Amortisman & İtfa Payları,Depreciation & Amortisation,158655721.0
AEFES,2025/6,4CAC,Karşılıklardaki Değişim,Change in Provisions,11737442.0
AEFES,2025/6,4CAD,Diğer Gelir/ Gider,Other Income / Expense,213146814.0
AEFES,2025/6,4CAE,İşletme Sermayesinde Değişikler Öncesi Faaliyet Karı (+),Operating Profit Before Changes in Working Capital (+),409762266.0
AEFES,2025/6,4CAF,İşletme Sermayesindeki Değişiklikler,Change in Working Capital,-198265155.0
AEFES,2025/6,4CAG,Esas Faaliyet ile İlgili Oluşan Nakit (+),Cash from Core Operations (+),211497112.0
AEFES,2025/6,4CAH,Diğer İşletme Faaliyetlerinden Nakit,Cash from Other Operations,-18824304.0
AEFES,2025/6,4CAI,Sabit Sermaye Yatırımları,Capital Expenditures (CapEx),-249836394.0
AEFES,2025/6,4CAJ,Diğer Yatırım Faaliyetlerinden Nakit,Cash from Other Investment Operations,-713820062.0
AEFES,2025/6,4CAK,Yatırım Faaliyetlerinden Kaynaklanan Nakit,Cash from Investment Operations,-963656456.0
AEFES,2025/6,4CB,Serbest Nakit Akım,Free Cash Flow,-770983649.0
AEFES,2025/6,4CBA,Finansal Borçlardaki Değişim,Change in Financial Debt,425710255.0
AEFES,2025/6,4CBB,Temettü Ödemeleri,Dividends Paid,-62802968.0
AEFES,2025/6,4CBC,Sermaye Artırımı,Rights Issue,0.0
AEFES,2025/6,4CBD,Diğer Finansman Faaliyetlerinden Nakit,Cash from Other Financial Operations,-262594892.0
AEFES,2025/6,4CBE,Finansman Faaliyetlerden Kaynaklanan Nakit,Cash from Financial Operations,100312396.0
AEFES,2025/6,4CBF,Yab. Para Çev. Fark. Etk. Önc.Nak.Ve Nak. Benz. Net Artış/Azalış,Cash Net Inc. / Dec. before For.Cur. Trans. Dif.,-670671253.0
AEFES,2025/6,4CBG,Yab.ı Para Çevrim Fark. Nakit Ve Nakit Benz. Üzerindeki Etkisi,Foreign Curr. Trans.Diff.Cash and Cash Benz. Imp.,-5166269.0
AEFES,2025/6,4CBH,Diğer Nakit Girişi/Çıkışı,Other Cash Inflow/Outflow,0.0
AEFES,2025/6,4CBI,Nakit ve Benzerlerindeki Değişim,Change in Cash & Cash Equivalents,-675837522.0
AEFES,2025/6,4CBJ,Diğer Nakit ve Nakit Benzerlerindeki Artış,Other Cash & Cash Equivalents Change,0.0
AEFES,2025/6,4CBK,Dönem Başı Nakit Değerler,Cash at the beginning of the Quarter,1683724697.0
AEFES,2025/6,4CBL,Dönem Sonu Nakit,Cash at the End of the Quarter,1007887175.0
AEFES,2025/9,1A,Dönen Varlıklar,CURRENT ASSETS,2913693533.0
AEFES,2025/9,1AA,Nakit ve Nakit Benzerleri,Cash and Cash Equivalents,1020145401.0
AEFES,2025/9,1AB,Finansal Yatırımlar,Short-Term Financial Investments,48572854.0
AEFES,2025/9,1AC,Ticari Alacaklar,Short-Term Trade Receivables,891734421.0
AEFES,2025/9,1AD,Finans Sektörü Faaliyetlerinden Alacaklar,Short-Term Receivables from Financial Operations,0.0
AEFES,2025/9,1AE,Diğer Alacaklar,Short-Term Other Receivables,30721665.0
AEFES,2025/9,1AEA,Müşteri Sözleşmelerinden Doğan Varlıklar,nan,0.0
AEFES,2025/9,1AF,Stoklar,Inventories,584351492.0
AEFES,2025/9,1AG,Canlı Varlıklar,Short-Term Live Assets,0.0
AEFES,2025/9,1AH,Diğer Dönen Varlıklar,Other Current Assets,338167699.0
AEFES,2025/9,1AI,(Ara Toplam),(Subtotal),2913693533.0
AEFES,2025/9,1AJ,Satış Amacıyla Elde Tutulan Duran Varlıklar,Assets to be Sold,0.0
AEFES,2025/9,1AK,Duran Varlıklar,LONG TERM ASSETS,7005029027.0
AEFES,2025/9,1B,Ticari Alacaklar,Trade Receivables,50094.0
AEFES,2025/9,1BA,Finans Sektörü Faaliyetlerinden Alacaklar,Long-Term Receivables from Financial Operations,0.0
AEFES,2025/9,1BB,Diğer Alacaklar,Other Receivables,12525973.0
AEFES,2025/9,1BBA,Müşteri Sözleşmelerinden Doğan Varlıklar,nan,0.0
AEFES,2025/9,1BC,Finansal Yatırımlar,Financial Investments,1272760572.0
AEFES,2025/9,1BD,Özkaynak Yöntemiyle Değerlenen Yatırımlar,Investments with Equity Method,502001.0
AEFES,2025/9,1BE,Canlı Varlıklar,Long-Term Live Assets,0.0
AEFES,2025/9,1BF,Yatırım Amaçlı Gayrimenkuller,Real Estate Investments,0.0
AEFES,2025/9,1BFA,Stoklar,Stoklar,0.0
AEFES,2025/9,1BFAA,Kullanım Hakkı Varlıkları,nan,102733565.0
AEFES,2025/9,1BG,Maddi Duran Varlıklar,Tangible Fixed Assets,2107931513.0
AEFES,2025/9,1BGA,Şerefiye,Goodwill,223508403.0
AEFES,2025/9,1BH,Maddi Olmayan Duran Varlıklar,Intangible Fixed Assets,2870306073.0
AEFES,2025/9,1BJ,Ertelenmiş Vergi Varlığı,Long Term Deffered Tax Assets,281364017.0
AEFES,2025/9,1BK,Diğer Duran Varlıklar,Other Long-Term Assets,133346817.0
AEFES,2025/9,1BL,TOPLAM VARLIKLAR,TOTAL ASSETS,9918722560.0
AEFES,2025/9,1BM,KAYNAKLAR,LIABILITIES,0.0
AEFES,2025/9,2A,Kısa Vadeli Yükümlülükler,SHORT TERM LIABILITIES,2776958054.0
AEFES,2025/9,2AA,Finansal Borçlar,Short-Term Financial Loans,1051613286.0
AEFES,2025/9,2AAG,Diğer Finansal Yükümlülükler,Other Short-Term Financial Liabilities,0.0
AEFES,2025/9,2AAGAA,Ticari Borçlar,Short-Term Trade Payables,1058936525.0
AEFES,2025/9,2AAGAB,Diğer Borçlar,Other Short-Term Loans,503184004.0
AEFES,2025/9,2AAGAC,Müşteri Söz. Doğan Yük.,nan,0.0
AEFES,2025/9,2AAGB,Finans Sektörü Faaliyetlerinden Borçlar,Short-Term Loans from Financial Operations,0.0
AEFES,2025/9,2AAGC,Devlet Teşvik ve Yardımları,Short-Term Government Promotions and Aids,0.0
AEFES,2025/9,2AAGCA,Ertelenmiş Gelirler (Müşteri Söz. Doğan Yük. Dış.Kal.),nan,26994945.0
AEFES,2025/9,2AAGD,Dönem Karı Vergi Yükümlülüğü,Taxation Liabilities on Income (-),51151351.0
AEFES,2025/9,2AAGE,Borç Karşılıkları,Short-Term Provisions,46363343.0
AEFES,2025/9,2AAGF,Diğer Kısa Vadeli Yükümlülükler,Other Short-Term Liabilities,38714600.0
AEFES,2025/9,2AAGG,(Ara Toplam),(Subtotal),2776958054.0
AEFES,2025/9,2AAGH,Satış Amaçlı Elde Tutulan Duran Varlıklara İlişkin Yükümlülükler,Liabilities on Assets to be Sold,0.0
AEFES,2025/9,2B,Uzun Vadeli Yükümlülükler,LONG TERM LIABILITIES,2027681162.0
AEFES,2025/9,2BA,Finansal Borçlar,Long-Term Financial Loans,1325656853.0
AEFES,2025/9,2BB,Diğer Finansal Yükümlülükler,Other Short-Term Financial Liabilities,0.0
AEFES,2025/9,2BBA,Ticari Borçlar,Long-Term Trade Payables,6969814.0
AEFES,2025/9,2BBB,Diğer Borçlar,Other Long-Term Loans,38950137.0
AEFES,2025/9,2BBBA,Müşteri Söz.Doğan Yük.,nan,0.0
AEFES,2025/9,2BC,Finans Sektörü Faaliyetlerinden Borçlar,Long-Term Loans from Financial Operations,0.0
AEFES,2025/9,2BD,Devlet Teşvik ve Yardımları,Long-Term Government Promotions and Aids,0.0
AEFES,2025/9,2BDA,Ertelenmiş Gelirler (Müşteri Söz.Doğan Yük. Dış.Kal.),nan,15391.0
AEFES,2025/9,2BE,Uzun vadeli karşılıklar,Long-Term Provisions,39752222.0
AEFES,2025/9,2BF,Çalışanlara Sağlanan Faydalara İliş.Karş.,Provisions for Retirment Pay,0.0
AEFES,2025/9,2BG,Ertelenmiş Vergi Yükümlülüğü,Deferred Tax Liabilities,614091353.0
AEFES,2025/9,2BH,Diğer Uzun Vadeli Yükümlülükler,Other Long-Term Liabilities,2245392.0
AEFES,2025/9,2N,Özkaynaklar,SHAREHOLDERS EQUITY,5114083345.0
AEFES,2025/9,2O,Ana Ortaklığa Ait Özkaynaklar,Parent Shareholders Capital,2435857831.0
AEFES,2025/9,2OA,Ödenmiş Sermaye,Share Capital,142395964.0
AEFES,2025/9,2OC,Karşılıklı İştirak Sermayesi Düzeltmesi (-),Adjustments to Share Capital,0.0
AEFES,2025/9,2OCA,Hisse Senedi İhraç Primleri,Premium in Excess of Par,62742391.0
AEFES,2025/9,2OCB,Değer Artış Fonları,Market Value Surpluses,0.0
AEFES,2025/9,2OCC,Yabancı Para Çevrim Farkları,FX Translation Differences,298939699.0
AEFES,2025/9,2OCD,Kardan Ayrılan Kısıtlanmış Yedekler,Income Reserves,164784857.0
AEFES,2025/9,2OCE,Geçmiş Yıllar Kar/Zararları,Retained Earnings /(Acc. Losses),2914557280.0
AEFES,2025/9,2OCF,Dönem Net Kar/Zararı,Current Year Income /(Losses),278701373.0
AEFES,2025/9,2OD,Diğer Özsermaye Kalemleri,Other Sholders Equity Items,-1426263732.0
AEFES,2025/9,2ODA,Azınlık Payları,Minority Interests,2678225513.0
AEFES,2025/9,2ODB,TOPLAM KAYNAKLAR,TOTAL LIABILITIES AND S.HOLDERS EQUITY,9918722560.0
AEFES,2025/9,3B,Sürdürülen Faaliyetler,Continuing Operations,0.0
AEFES,2025/9,3C,Satış Gelirleri,Net Sales,4881889830.0
AEFES,2025/9,3CA,Satışların Maliyeti (-),Cost Of Sales,-3060636059.0
AEFES,2025/9,3CAA,Ticari Faaliyetlerden Diğer Kar (Zarar),Other Profit (Loss) from Trade Operations,0.0
AEFES,2025/9,3CAB,Ticari Faaliyetlerden Brüt Kar (Zarar),Gross Profit (Loss) from Trade Operations,1821253771.0
AEFES,2025/9,3CAC,"Faiz, Ücret, Prim, Komisyon ve Diğer Gelirler","Proceeds from Interest, Fee, Premium, Commission and Other",0.0
AEFES,2025/9,3CAD,"Faiz, Ücret, Prim, Komisyon ve Diğer Giderler (-)","Expenses from Interest, Fee, Premium, Commission and Other",0.0
AEFES,2025/9,3CAE,Finans Sektörü Faaliyetlerinden Diğer Kar (Zarar),Other Profit (Loss) from Financial Operations,0.0
AEFES,2025/9,3CAF,Finans Sektörü Faaliyetlerinden Brüt Kar (Zarar),Gross Profit (Loss) from Financial Operations,0.0
AEFES,2025/9,3CB,Diğer Gelir ve Giderler,Other Income (Expenses),0.0
AEFES,2025/9,3D,BRÜT KAR (ZARAR),GROSS PROFIT (LOSS),1821253771.0
AEFES,2025/9,3DA,"Pazarlama, Satış ve Dağıtım Giderleri (-)",Marketing Selling & Distrib. Expenses (-),-892408514.0
AEFES,2025/9,3DB,Genel Yönetim Giderleri (-),General Administrative Expenses (-),-345639644.0
AEFES,2025/9,3DC,Araştırma ve Geliştirme Giderleri (-),Research & Development Expenses (-),0.0
AEFES,2025/9,3DD,Diğer Faaliyet Gelirleri,Income from Other Operations,97024137.0
AEFES,2025/9,3DE,Diğer Faaliyet Giderleri (-),Expenses from Other Operations (-),-97033144.0
AEFES,2025/9,3DEA,Faaliyet Karı Öncesi Diğer Gelir ve Giderler,Other Income (Expenses) Before Operating Profits,0.0
AEFES,2025/9,3DF,FAALİYET KARI (ZARARI),OPERATING PROFITS,583196606.0
AEFES,2025/9,3H,Net Faaliyet Kar/Zararı,Net Operating Profits,583205613.0
AEFES,2025/9,3HA,Yatırım Faaliyetlerinden Gelirler,nan,98210999.0
AEFES,2025/9,3HAA,Yatırım Faaliyetlerinden Giderler (-),nan,-8527382.0
AEFES,2025/9,3HAB,Diğer Gelir ve Giderler,nan,0.0
AEFES,2025/9,3HAC,Özkaynak Yöntemiyle Değerlenen Yatırımların Kar/Zararlarındaki Paylar,Profit (Loss) from Subsidiaries,175505.0
AEFES,2025/9,3HACA,Finansman Gideri Öncesi Faaliyet Karı/Zararı,nan,673055727.0
AEFES,2025/9,3HB,(Esas Faaliyet Dışı) Finansal Gelirler,Financial Income (from Other Operations),149065358.0
AEFES,2025/9,3HC,(Esas Faaliyet Dışı) Finansal Giderler (-),Financial Expenses (from Other Operations) (-),-195258636.0
AEFES,2025/9,3HCA,Vergi Öncesi Diğer Gelir ve Giderler,Other Income (Expenses) Before Tax,89683617.0
AEFES,2025/9,3I,SÜRDÜRÜLEN FAALİYETLER VERGİ ÖNCESİ KARI (ZARARI),PROFIT BEFORE TAX FROM CONTINUING OPERATIONS,626862449.0
AEFES,2025/9,3IA,Sürdürülen Faaliyetler Vergi Geliri (Gideri),Taxation on Continuing Operations,-106480340.0
AEFES,2025/9,3IB,Dönem Vergi Geliri (Gideri),Taxation on Income (Expenses),-120678943.0
AEFES,2025/9,3IC,Ertelenmiş Vergi Geliri (Gideri),Income (Expenses) of Deferred Tax,14198604.0
AEFES,2025/9,3ID,Diğer Vergi Geliri (Gideri),Other Taxation Income (Expenses),0.0
AEFES,2025/9,3J,SÜRDÜRÜLEN FAALİYETLER DÖNEM KARI/ZARARI,PROFIT FROM CONTINUING OPERATIONS,520382109.0
AEFES,2025/9,3K,DURDURULAN FAALİYETLER,DISCONTINUED OPERATIONS,0.0
AEFES,2025/9,3KA,Durdurulan Faaliyetler Vergi Sonrası Dönem Karı (Zararı),Profit After Taxes from Discontinued Operations,0.0
AEFES,2025/9,3L,DÖNEM KARI (ZARARI),NET PROFIT AFTER TAXES,520382109.0
AEFES,2025/9,3LA,Dönem Kar/Zararının Dağılımı,Distrubition of Profit (Loss),0.0
AEFES,2025/9,3LB,Azınlık Payları,Minority Interests,220441763.0
AEFES,2025/9,3Z,Ana Ortaklık Payları,Parent Shares,299940346.0
AEFES,2025/9,3ZD,Hisse Başına Kazanç,Earnings per Share,0.0
AEFES,2025/9,3ZE,Seyreltilmiş Hisse Başına Kazanç,Diluted Earnings per Share,0.0
AEFES,2025/9,3ZF,Sürdürülen Faaliyetlerden Hisse Başına Kazanç,Earnings per Share from Continuing Operations,0.0
AEFES,2025/9,3ZG,Sürdürülen Faaliyetlerden Seyreltilmiş Hisse Başına Kazanç,Earnings per Share from Discontinued Operations,0.0
AEFES,2025/9,4B,Amortisman Giderleri,Depreciation & Amortization,247419147.0
AEFES,2025/9,4BA,Kıdem Tazminatı,Severance Payments,22729894.0
AEFES,2025/9,4BB,Finansman Giderleri,Financial Expenses,-195258636.0
AEFES,2025/9,4BC,Yurtiçi Satışlar,Domestic Sales,0.0
AEFES,2025/9,4BD,Yurtdışı Satışlar,Export Sales,0.0
AEFES,2025/9,4BE,Net Yabancı Para Pozisyonu,Net Fx Position,-1370009550.0
AEFES,2025/9,4BEA,Parasal net yabancı para varlık/(yükümlülük) pozisyonu,Parasal net yabancı para varlık/(yükümlülük) pozisyonu,-1394694194.0
AEFES,2025/9,4BEB,Net YPP (Hedge Dahil),Net YPP (Hedge Dahil),-217316820.0
AEFES,2025/9,4C,İşletme Faaliyetlerinden Kaynaklanan Net Nakit,Net Cash from Operations,665540220.0
AEFES,2025/9,4CA,Düzeltme Öncesi Kar,Earnings Before Adjustments,520382109.0
AEFES,2025/9,4CAA,Düzeltmeler:,Adjustments:,261969898.0
AEFES,2025/9,4CAB,Amortisman & İtfa Payları,Depreciation & Amortisation,247419147.0
AEFES,2025/9,4CAC,Karşılıklardaki Değişim,Change in Provisions,16196912.0
AEFES,2025/9,4CAD,Diğer Gelir/ Gider,Other Income / Expense,406421022.0
AEFES,2025/9,4CAE,İşletme Sermayesinde Değişikler Öncesi Faaliyet Karı (+),Operating Profit Before Changes in Working Capital (+),782352007.0
AEFES,2025/9,4CAF,İşletme Sermayesindeki Değişiklikler,Change in Working Capital,-61763126.0
AEFES,2025/9,4CAG,Esas Faaliyet ile İlgili Oluşan Nakit (+),Cash from Core Operations (+),720588881.0
AEFES,2025/9,4CAH,Diğer İşletme Faaliyetlerinden Nakit,Cash from Other Operations,-55048661.0
AEFES,2025/9,4CAI,Sabit Sermaye Yatırımları,Capital Expenditures (CapEx),-357138672.0
AEFES,2025/9,4CAJ,Diğer Yatırım Faaliyetlerinden Nakit,Cash from Other Investment Operations,-744537420.0
AEFES,2025/9,4CAK,Yatırım Faaliyetlerinden Kaynaklanan Nakit,Cash from Investment Operations,-1101676092.0
AEFES,2025/9,4CB,Serbest Nakit Akım,Free Cash Flow,-436135872.0
AEFES,2025/9,4CBA,Finansal Borçlardaki Değişim,Change in Financial Debt,278672903.0
AEFES,2025/9,4CBB,Temettü Ödemeleri,Dividends Paid,-64093239.0
AEFES,2025/9,4CBC,Sermaye Artırımı,Rights Issue,0.0
AEFES,2025/9,4CBD,Diğer Finansman Faaliyetlerinden Nakit,Cash from Other Financial Operations,-436415551.0
AEFES,2025/9,4CBE,Finansman Faaliyetlerden Kaynaklanan Nakit,Cash from Financial Operations,-221835887.0
AEFES,2025/9,4CBF,Yab. Para Çev. Fark. Etk. Önc.Nak.Ve Nak. Benz. Net Artış/Azalış,Cash Net Inc. / Dec. before For.Cur. Trans. Dif.,-657971759.0
AEFES,2025/9,4CBG,Yab.ı Para Çevrim Fark. Nakit Ve Nakit Benz. Üzerindeki Etkisi,Foreign Curr. Trans.Diff.Cash and Cash Benz. Imp.,26614132.0
AEFES,2025/9,4CBH,Diğer Nakit Girişi/Çıkışı,Other Cash Inflow/Outflow,0.0
AEFES,2025/9,4CBI,Nakit ve Benzerlerindeki Değişim,Change in Cash & Cash Equivalents,-631357627.0
AEFES,2025/9,4CBJ,Diğer Nakit ve Nakit Benzerlerindeki Artış,Other Cash & Cash Equivalents Change,0.0
AEFES,2025/9,4CBK,Dönem Başı Nakit Değerler,Cash at the beginning of the Quarter,1756045311.0
AEFES,2025/9,4CBL,Dönem Sonu Nakit,Cash at the End of the Quarter,1095134543.0
